0x4116d3437f08469f56a874bffbc396c58f3efa2464192dc5a99218eb9d2f813e,Mint,Mint
0x8c83dff8c68745fc899c26a6764d86308a51d7e2cbff2c76ec2d359ccefeb132,Approved,Approved
0x403a0eb41480a16598959ae0020c92e21d8546966522ae0427c59076dcbdf5f0,Transfer,Transfer
0x50ba7d953d86a82e9e430cd929d92294df07fcf2e4555666d66a640ee28bc909,Swap,Swap
0x3cec50896e6317a89e2d26997bc00542c9fa9055a9be2ca9b9aa8f83d9ca909a,Swap,Swap
0x9127a9e9c66f6f03370e0552e08e97d130bc580093fd4b462cfcf8c722ee9886,Transfer,Transfer
0xa5e02bea7c46b99f25908f8e5717045dfaba3a00304c9ebdb4e35ebf50dec2e3,Transfer,Transfer
0xd438a5f6946664dc5a17b14302e4fea7d4d62fabbec09507c17c5aa26c7cf5d8,Transfer,Transfer
0x7f60791a5c3550b48569922fa444ad6bc3f8ebf8892a7e6f4f31eff9a864b681,Transfer,Transfer
0x0b30bbab4f4c401473ab41a664dc140658abac8c383a792bd3a229e1d0e50c9f,Swap,Swap
0x707a36f347500a4badaf339c01b76e07ff0d778248a88777747a4b386315ac72,Approved,Approved
0xc087e1df03d339c1817c9d2e3f012a6f567ad05baccdc5595f97dfc9e8667954,Transfer,Mint
0x8413e3e204ea82c53cef53ec391571a76f3552fa36d3af070210fa920c8c58bf,Swap,Swap
0x0042de719abbf722d160e4dff409d620f646469ff073c8fa462ec9dbf1dfca7b,Transfer,Transfer
0xf49a62d47375160ca553e53a89793b387b354a512e67e262c4b56856746434cf,Swap,Swap
0xe98fe04e68b07d1095a77011c0821154ecfbe70067c7ccb5f44643e9b02e6e05,Approved,Approved
0xf1b4368111b3a90bec83c27c4a1e9cf5ba06330e551d36b1edea1f94079433d3,Transfer,Transfer
0x8e6e4f15712199197192a0925a19a393b68f4c3c439167e23efaafa2f69ec2a8,Swap,Swap
0x1a38b89fa8d32dfc51504802fba9f52ef6bba8394a9cf3dc8a09cbb32298b8ea,Transfer,Transfer
0x639cdda4e02e08298472823cccf1f96b913fc4167733b889dfb4e8d5fb9e0e7c,Transfer,Transfer
0xd086d603bf4991c8c1b18811d33bfa80053375f28fa5903c2216c3aad65c1fb5,Approved,Approved
0x8577f925892ab53c047fbdd0a97b6241e504f4b0c8ea91ed644ff53e35fcfbe4,Transfer,Transfer
0xf4142e9f233a1f9fd65930f0635dcc6cec5d82a0b7ee6be7a352ee84cbe45430,Swap,Swap
0x4defbccde8676ac956ca0355ae842edccc9570affb89e2b84695ac07dcb44c52,Transfer,Mint
0x273d2f1a3c14028eed9a4afa85b511d52898df4d06b0d98006d1821b4ebb0ae5,Transfer,Transfer
0xea9fbd93882a4f601135a7e58118db352f74080744c20e3a10355713e191b58b,Swap,Swap
0x2c2caf75bbb7688d13794648f92e9e01f8fd0387edeb3a39afd6767dab37f74d,Transfer,Transfer
0x8267b9db30d942ad6182b4b8cc8edf1b1b7271a91e0a6c12f509f4ce68a06836,Approved,Approved
0x29b54e15da929ce270f049851ba52900329517614460dcf9793ab066f40cc079,Swap,Swap
0x03534357ecca3e1a9466be7a0a895e3d4f02c1e2a6da7ac1ee53086c00bf2afe,Swap,Swap
0xdd08e22a22515d9be46101cd137fd2e0ee6cbb7fc5e4248d5a70e913ef07786c,Swap,Swap
0xa9d3777c0892f337e5ce37d9cf417e6dd31e4d83dce2a65b3497678f549cf277,Approved,Approved
0x938dd85f06ad0ddf79939e5bfd63edcc8e918777377b51d616fe966791b90e93,Transfer,Transfer
0x3160271280c4d94b1b2a70a00a562efffdf36555323f9b5a35f390261e0e57b8,Approved,Approved
0x9b9b3a95bb8eff0575973583fec1b8f8eb1f88c096c45b63553378cc7f82ef94,Swap,Swap
0xf846073ce4e93aaf0bc69545b88e25a645286e2551bbad06d5afed12f1d6a739,Swap,Swap
0xc9edd367a144ddeb46e7adae7ac03621005382521be99e310787659c811e3bc6,Transfer,Transfer
0x767a7f3de7a7a674151fdbbfaf8725ba177e028ec26651de4b61ad23dbb62ef2,Transfer,Transfer
0x221e980a82e922640871d0b2f3ed1dcf99974664891cfb07e6a83850f05565ea,Transfer,Transfer
0x4a7fb178f0f8949da856c2e592c27a467a437e4406767ce6fc4e47062685018d,Transfer,Transfer
0x1b09e4e28b6656b779e2b2ee905f30e0c728480e8799ece7bb02c8e774b36892,Approved,Approved
0x65bae40e41c996fbf4c0e81cf83774befac86a19f08e70f94ceb003fdbd4894d,Swap,Swap
0x3ea114dca72fe968a05b2b014e090bf7e784e8535dde07da49d760805ab86443,Swap,Swap
0x914d012eb2c6648172be8968c69e616cb126914000a07be91609d9a798c92d64,Approved,Approved
0xfd21a97c0d9dc3dd1d31673e484a56ab610877437ef8b67ce02e8544f05df42c,Swap,Swap
0x303c87a3be1576220f9635ac418e30a6384f766711edd4526dc4c22cf2a1336d,Swap,Swap
0xd04aab111bc4be1ec044bb0139924b041127cafb088429383fe2c9d3a3850621,Approved,Approved
0x1c83814bc1692c0e25c34829594d2b2eb66c71cb770505040a77d1c8565fcc02,Swap,Swap
0x7b2f448193c09a4482c5574b5caf96e10a031e08b8c786cb1ff85fbb1ef461a1,Transfer,Transfer
0x0eab986aded33c008f960f4723a17bd5f3f00a9df3d9613d8d046ce5eb365127,Swap,Swap
0xf794fdb5d321470d16a60c2041be9f5f1fa43248632027168ad0114fedc7a52e,Approved,Approved
0x9be8d6a7d4d9cb206bcd33600ffc5bc1a2610b08b69a83d490d074c0ba83d4a1,Transfer,Transfer
0x36411de5235161f3ffbc7a55f5b4f74811b042cc8e1a8e69878e6f567e585061,Swap,Swap
0x3f9e3e54a05c53e9fea76456b386e49f994afdc7b4f548cc053e41725c121e69,Swap,Swap
0x9ed814afe66dc85368670926389fd58acb47d462fe7fa6ca47c33df5562c34a8,Transfer,Transfer
0x0331738642f94f81324a9d642a749963871c15431f8a9368f1d95a5f67e532a2,Swap,Swap
0x7cccb16681db2c124495110343e3268e2198170f42c5aa52857c780666155e07,Approved,Approved
0xbfc35656b7b471f0280486ed4c060bb6cac0527f0b458d07e58997692dfec27d,Transfer,Transfer
0x4dbebbe132823abd265938f0a1bda2d763c146560fca72088b8e90a7f63b89fc,Swap,Swap
0x8989fb2d6306b9ae46d36869cbc65049a23676646cf83d90512f630d0cba12ab,Approved,Approved
0x77c5e0978793a0cddff477d66920635a0f855a311acae80ffd81679a188e3ded,Transfer,Transfer
0xa6fbcc6ea86ab9ab37ed5cbaaa472ca4f42e8a4afa6a4a853bb807bae6c594a6,Transfer,Transfer
0x2c73e168f120582e73a5cad161a7356dfe087a8e8a17e624a86d4c67b85b8607,Approved,Approved
0x7820760bb6958155462ae56eeff6bd029467871f4ad0cf75b5a2e7bfe34b2f72,Mint,Mint
0x6f50e5cfeee4b51be0941ba2233ec44733a81a5ff1657c4757ad09e7dd7e38ed,Transfer,Transfer
0x75144298ae52528e20fd2d0e20e9aca030c8eeee8e52a3180f36169f7036ca24,Approved,Approved
0xea849a78b36ada2a5c338484f190a4e727e1596fa6102f0aad7262fa7496abb0,Transfer,Transfer
0x0b5ce9b52898cb56eca274f38ac3e6a817bb79dadea7f6fa1dd4a582d2e75693,Approved,Approved
0x21a929afbcdc8f80ce424b0f7a40cab154605d75d33fc2f8fb8761daf1b9540a,Mint,Mint
0x1d487c30c3925700811ed9a326757f59b71156cdd37297eafb1062872110159c,Transfer,Transfer
0x94a4637be96d1ca821f1d383ff595ff23dd7743de7a1886a7b3a6c16eb24a691,Swap,Swap
0xe209fe64b71bae1556038a7c1b5762588a723b0859e6c3be92441cfa755d7ae0,Transfer,Transfer
0x9fcf1a4a11882e3ab617eb569a8360816021ec4c577d69d0cdb4115b12d0605a,Swap,Swap
0xea17e339d3c08ea2f9596b7b2620ca5da91e4d9549b1f62429f2f89e7f774ea9,Swap,Swap
0x3583033c4a48addb2fb8c1d93d5255e47192c783145784857126a978489bf8d2,Swap,Swap
0x78f06f687ff42a3fa68c03a9fb796285ac1324229b8c4e3693075bdb4c70fabb,Approved,Approved
0x2971a984c0d7f5303d586249aa781a6d27ad770e73ab710001aa83077ae1e2b3,Swap,Swap
0x22652e884af6bb367ed9bd4ce764f14d15f7640fd12b203fd1bef43bf46bd1a8,Swap,Swap
0xe362adbe03aa987e9eef0fa684c4b1b15ce3381859e636a4bf6de8e119bb7808,Transfer,Transfer
0x59bd007606f8775663371e784257a54f981b7481b4063c88b386be6d067f4c3a,Swap,Swap
0xa29bf4633ef4dc6f5b9a91ab1db66088962a233b73742669c0becde8c2566931,Swap,Swap
0x88bcc9bff3d03dbc172db8e0ae8996d15390071447a102399f4c7c7608049176,Swap,Swap
0x50784a4fe711ccdbbec4c5b0f3069e62adcde2b68162fc45b703918148128a4f,Swap,Swap
0x53ea90f9cb05bd3f0b7c427b89f6f7700ef249b5adbc9dc2ac4e04a0cd5c4243,Swap,Swap
0xbdfa07404393cdab5026bd2d776833a3c67f42b146affaa17b2c09ce129f13f9,Transfer,Transfer
0xc9ccd3686768cb3b5b5a7f23914cf3cf3953318e1ab460b334b08675329471d6,Transfer,Transfer
0x0d16403ee289e896d5e3de0f4d65e0b39180706c386a22ac6ad77d57ea862466,Approved,Approved
0x53a53a52be961ed1419cd07fcdb2854f5bd51ccf47a6bfd7e025005f71399e67,Swap,Swap
0xc38f810dbb199d87f6b85186b7a4a5e9ad80a60e7b18c1247db135b864933c07,Approved,Approved
0x06db88651afc1f2e3f9a933d61f63b1711500cfd8203171d164e5a3201826aeb,Transfer,Transfer
0x0897908cf0be53845b92c28848cf59f34b3c1e03b932c9b47ec3e5d417eebee6,Swap,Swap
0x4355af8e8a14eb99cef6e7cb926b96211b02cd669a9cbee2ef627021fb8b7060,Approved,Approved
0x168a321b00c94a6cbaea31dc82a69d7c014f68137d3d7621ce9c3bc48df9a3f8,Swap,Swap
0xaea5ed3995f400d08baca88e6d2e765446eb2a2527d26fc938979362864c5975,Approved,Approved
0xf898c52a118c59dd7052bacaa55ae352c7c35c56ddb5664d7a706e029e1f6bf9,Swap,Swap
0x903a441cef8a0afcc36dda72288f876555fde71d325460b1d0503837d0e7b199,Transfer,Transfer
0x241a196c6b4068d464e5e3d236bd6e5bf7f279aff1b63980f605e52f54f92ee6,Approved,Approved
0x95b991c202d178590300ec2f976a50e7df87b1a010f4557cca498a1ebce3337c,Swap,Swap
0xbe728e44c0f60c33aa24bb37f06d8cd8af6c860a751704796cb0d037b8282987,Swap,Swap
0x92db73c291e09cf47fa51dea585340473599cbffc7fb49aeb437a7880d9b22d7,Swap,Swap
0x5a7e69fdacfacdc014fe7d1e177737ff3c718ef6325e4c45a5fdc103191448b4,Swap,Swap
0xdde57bd3f8d678988e06cccf296054cb7cecdba7a5ffa5d05a2bc299541f17a7,Transfer,Transfer
0xa80857c9a5dcdd6bf96061d09cae8656b7bdfa6c701ed75c6bc288a36c3e2f74,Approved,Approved
0xf9acd2b2485ad8a15d3b8232aeaa2be09460ca00dd523ccc4831f69559231cf9,Approved,Approved
0x9ef58d55366967f0fcb85c494ba2f1f27f4b52229861f7d6803d0924934636fe,Swap,Swap
0x07463b0d0c95bffc2682b94ec00728c9cc54d77496cd53d01cfdd76059617f3c,Approved,Approved
0x379a7c9bd2a1b577c9dadec5eecdf50da7562c580ed72aa6c1358e08e0e1e20c,Mint,Mint
0xf5a167fa57464ed1bd270df2c81b18198415dd831adf5299ea77e47e1decf3c8,Transfer,Transfer
0x273a8fc4866c2342bcde28397bd00697f8ecdf9d881bd1cde8185b791517b299,Transfer,Transfer
0x5417b5dd49e385e27f714806304f209ca60d661138470b0c3c33f0b9a6525f89,Swap,Swap
0xa024635a0ee3d518bb0270f43be8e5e6430e2ac5de67cde6e1c6a4bca71d2153,Swap,Swap
0xfda35ed3b3ed57fc2fc8101e832c7ac112b8ae27305f6b3989b8d8a7ffe2b3c7,Swap,Swap
0xb211578751388129c37e75a958c0dbc9cf02bf0446f6c847582362ea7ebde9a0,Approved,Approved
0xed0fb1a3219db877a2a2e684ea50974d77e55f897dcf742ca2507dc53597155f,Swap,Swap
0x847058f91287d43efc32c79adb950785d0de268a511644fd436d811951abd014,Swap,Swap
0xfecc87d57f024c8ba254aa1a802b8a703a4172c223d143a10fd41bc2df4f5ee4,Transfer,Transfer
0x4d6d5eecce4618cc82de075951277082be8080d3236660a74d89b113370ed9ec,Transfer,Transfer
0x581f1ebaa2ed36e52799ecc0cd52850c94c4146633c7415c6dbb5b70f22b8454,Approved,Approved
0x933dcf89b77fbcaaa562756fc26aff83f6f37226f8696c69dc037ae35c0087bd,Transfer,Transfer
0x3eb39ff0c1ebedbf469ed640a9ed7da39039cd3472c346b0d323b6463153575c,Swap,Swap
0xd15cc2ae9dfefaf12e37fbe041036fd03c872e78ee867b404f4a78d8b8f9f809,Approved,Approved
0x065af574dae1c03ce19267e5cc699af0e7d77a99a1ed3abdb9e89751a471b922,Swap,Swap
0x7548063c63ff56a221dce7332a7de664edc610525361ec3e12b7c141ca0b539e,Transfer,Transfer
0xe79ae9182fe639bd6a3c97f0ba58cc2c14955c9db057a54d13ebd577155638ef,Transfer,Transfer
0xc64ad109f3d5584dca370c7e7f158c6d5faa1e83650848a44729e788179feaad,Mint,Mint
0x24f46747a0cdb6db907345cf24f9c031a1d5f76ba4958eac67af28b13a7df2a6,Swap,Swap
0x71d4e7d840a4791f327f71e0cf29ceddf6e1ee7456aa0cef71a920f7cd9d00ac,Approved,Approved
0xad091f898f6942ffef913da361f5231e34fe86b1885a0ffc27254fbe85d709d9,Transfer,Transfer
0x719cdf3f99fafa26b48e14bf855e9ecaf6259607cea716c7ebbf216b4f4a281d,Transfer,Transfer
0x27862ba797fc2d9d0700c342b46a88d7775d1bb949543dcbe6da41a272764835,Approved,Approved
0xe7c875b2f74b329a48482fdfea4f565b45ab78ab9ed22e45767ee1f398c90caf,Transfer,Transfer
0x728a5004443fa401c39fd11c304f9a2e3bc6dc833c3153334cc24d55beb48741,Swap,Swap
0xb809ce292cc841ff7c6f82987d03845d053a63a3fb73a80cf2c730907116efe1,Swap,Swap
0xb90c16acfba44422852240a7bca9df0ce458f145f6aece6375f829879f99cab9,Transfer,Transfer
0x75e023e5cf2427febe75fc8326c251ac29469f8a485b168fabd4f71eeeedaa0c,Transfer,Transfer
0xec6b3557daba19443263f5b2ae8580645cc799deab65c595255e7298e614dade,Swap,Swap
0xb750b7a10b7ec7865108db85d1d55b98e8147ffb3172476ca2b1af7f248eb517,Transfer,Transfer
0x00f4395b0fe4ca1222852705c622e956484d513407aa7e0ea172d0ba9b67e087,Swap,Swap
0x9e2e04e233ae1323d298d9b79a2a8cc9540010ecc4404809d5b10a3d4a68a997,Approved,Approved
0xac9a0e44fbf7aefd9653a20abb465727e84beaa4a90d1038c9e2c8d45344170f,Approved,Approved
0xdd9ed212d302bde205dfe943d5be4a342005bc745554b7b05c0d09f2eccc09e9,Transfer,Transfer
0x72fee855a000467e6b6f04e71e930758655562bd85df115e5daaef9bafb5e7f1,Transfer,Transfer
0xa10178002b846a7438e35a3cf194df0bafe90652c0852e5cce6ef21ca66dffd2,Mint,Mint
0xa4c0e9c07879cbb9fe7e48258f630b4f769f42db6fd40f4b230f5a55749d86c3,Swap,Mint
0xc948056662a437f8d7c3396880f7f8215c408bd84fcc36598281a8d7b18c2251,Swap,Swap
0x5dc6626cc8f40b63a425310972bbfb4502066bd47587096771aad12966baf134,Swap,Swap
0x4b77b9e406af804e30de635221e5971d724f90a71d6f98a2dd1906868d24ed68,Transfer,Transfer
0xdfa5504633347b9ec55e269991e7dc40df4330e803b11b834f47c14a7f0e453e,Transfer,Transfer
0xb76a90804554bc3a51f11f542f55e4602ffd0455a5238c9a8d33010db94829a6,Approved,Approved
0x8c121cf752b149f72a314893affd5000ef26a79b99ff2355b8e9b9b4fac2dc79,Swap,Swap
0x17b58b8ec563b1ab3b6d375b952eab7c702385fe82096587db676f44039746bc,Approved,Approved
0xa8c8521797dac371ab71f4e7cb5356461cf9faebe4d497f37f94f09c5e664bab,Approved,Approved
0x254df402549e93dbf1c98bd2475b04d43a99ff3ea6b142e5bcd37a9a7d401e31,Transfer,Transfer
0x974f44c300bab624cb565c963f550bf43383bb1e2f435da7a37e6491e84f4ebe,Transfer,Transfer
0x7bda78ba47f330bcada20d054237119d7081e90e74c5c0e41d254a289f3106fa,Swap,Swap
0x24dbc32767d6d1db0c210ee9efa2fb36b06a2b7cc05792d783e6cfdd3d331699,Approved,Approved
0xefeeaed5c9429e31c8267e71795d27733aa5ab63b8efa34ec8340bf572f00c84,Swap,Swap
0xaab5d37507ec5741f3f03b365f53ca94d57044c7d44fbe1dbdb9df91cb390eff,Approved,Approved
0x8d24205e718d4356d963774a412fd4fbd8083fd145f47c4ae6e4a4a37fe7e7b4,Transfer,Transfer
0x617120c857b538299fe303508978963adb66d5bd7666ebd4692d44196bb55179,Swap,Swap
0x4e94b99d2404d3238ba3622813e19263816ebe719a6833c80609604c493016b6,Transfer,Transfer
0x32fc003f88ec976456dba93db54ed69fb2db1c02b5f4760dd2d16b9f0d6e2e11,Swap,Swap
0x6f513dc696e99f7efc91e8625598c2311e9c0228a0edf977be034ea05f9fd0da,Swap,Swap
0x2195fdd997471080c1683949154d415002ea925878cec19162b7c113426830af,Transfer,Transfer
0xe689566ba9449edef56d72410ad31d84b1dc53cc6d80b80d7346800386d1b13b,Transfer,Transfer
0xe32d39b6afe2676a1bc643b75da8376652ae558d47819f2d9bf601a7a66d5778,Transfer,Transfer
0x1176769509f9347e976a3b8602e756ad0e606adfe379b03b937c7562f9a4816f,Transfer,Transfer
0xae72bdd01857e4a52a2e25d3705285cba53e585b4d36e8a2768f5ae6aa13f0b4,Swap,Swap
0x69d03a3c7dc6b5ed5d6f7714a6a217435b9a3e2689c785f1030c30456cbf0a42,Transfer,Transfer
0xec4ae23f2643267046b83373a517c457aadd0ac7e36c9d6ec3a2e192e8729754,Transfer,Transfer
0x0eea8a4344ed6fc0044f1fa4d1fe6f288afba66773238b64ba58fc43601b9240,Approved,Approved
0x1e82ed6684edee53779aa89f98593b637e4eba60a99944b99ae5df384545aaca,Swap,Swap
0x3713478d1881dda82c8d73f783efcc3027efe9896ad1acc06a1bdf1bf3ada11f,Swap,Swap
0xbd2e2d150befd3947bbf3af324d8ff23b1977572357186a861f03175489e1f30,Swap,Swap
0xcff1595448f469499873536bab2987ad6c032a71ac7001eed97d1bbac244ed9e,Swap,Swap
0xdbbca3e00cd2ec87adc4ca796a16669f37c2537385fd3310abefccfa68bb259f,Transfer,Transfer
0x5d2704b1005fce5b7ce37e2c452f6f34beb8724006350fe62123539c0bd491e1,Swap,Swap
0x5793a0ec2a8bd42c73fc708826ff308166e050d5c3361ac32f63231b11994496,Transfer,Transfer
0x377dc18b97e096be0cdd0af2bfebf1fe75d117719b7f684cf7a0a04dbd49bcab,Approved,Approved
0xf7479effca1d36adc8383a842b939c6a3fbd240fb27756b75e59d2fbf2d44c5e,Swap,Swap
0x139442cf1a6009f765b0fe8cbd498b5a18c2b733aee7d4f88ddf8ab356e2cdc6,Swap,Swap
0x5d0d509d56ec8ee31385fb5779a4b5579cf3b8a0137e573585b011a36debadfc,Swap,Swap
0x1c47dcf0b2201b0cc750206e942844197dd7ed57550812c2b89bb5f98975e06f,Approved,Approved
0xafcf9d93dde5d56a24bb5b8977ace090cca3bdc825460867019c1404f2fe9054,Transfer,Transfer
0x1f9a748b7b397817bb840846e4222d5bb51dea0b993a2a988ddfb73c6c79edb4,Transfer,Transfer
0xe95a055bf4de6468dfeb87f0d8bd0ea2609e8b00007c97847f134941e1289115,Swap,Swap
0x6a9bb5e14a24172ffb54879d3c6b593b18b5c16b435683f5ec50267abc54b302,Approved,Approved
0xaab5d37507ec5741f3f03b365f53ca94d57044c7d44fbe1dbdb9df91cb390eff,Approved,Approved
0x86cf40dc17614845bb95903d62966ef8a5e44f837b1090436ec66c5376ec0567,Swap,Swap
0x7398927d9981d526349d2ff4b73ff2b8b50dce352285c5a4355dc203bb37328c,Transfer,Transfer
0x41cccacb9c5488a7b944a9967ab810d7a8fc25e2a26fe68f1d12795ceac5b03b,Swap,Swap
0x77ffd1e32bb961e6e6da84e4f46f1d97c2078cac802f01c6403f61b31e70f2ae,Swap,Swap
0x229df8d605366878b0afa7cff24c4fcf162f22ab567d81eee6af797f2694a068,Transfer,Transfer
0x1659f058f0e50f25e94f7b9d963c154884e417d3e9130185ebf38f13935edb5e,Transfer,Transfer
0x29efed07455e63165f0c627e011374298d95e11fb1434515380137723173aa5b,Mint,Mint
0x4cb52b2d954c77d9d081676b7c7943c4712321a81cc7d527f79ac2832d1c171e,Transfer,Transfer
0xc12f0af32faa3afa6540ef253739106d6dbd80e632ff133ccb9f268500ace3bf,Approved,Approved
0x387fc257f7b03c69d4d1520dba31d3b65e85d271b0d8021471b35168e4c1cf33,Swap,Swap
0xfc31925d2c295c4aec6df6b3f6a301b80ccdbe95f7b71ab2deea0b20442cd2ac,Approved,Approved
0x0f0f49842c53bf70ce7ef621960b23f12cac879e70e983aca69236e907070686,Transfer,Transfer
0x8413e3e204ea82c53cef53ec391571a76f3552fa36d3af070210fa920c8c58bf,Swap,Swap
0x65cc505b0c88cef065eb91491fef3eaf3ae593c1402ac53b9598fb6cd67b35a6,Swap,Swap
0x53ea90f9cb05bd3f0b7c427b89f6f7700ef249b5adbc9dc2ac4e04a0cd5c4243,Swap,Swap
0xe12b79cbf065e332882836d221450aa6db83fb331a3412b5db7042e94fd6fc47,Mint,Mint
0x2ece500bb167bd5609b567d79346f2326b02b9f71225a3bc9f4c2c1f5cf276a3,Transfer,Flush
0x6e0d2f09c81cbf46b2a74ec01366196c359f57fdc4fd54e0843edb374fd0f75d,Swap,Swap
0xbc98daf89e5b1fae149de0f8acb40973bf99b59ced83af69328f0816b53aa7c0,Swap,Swap
0x1ccb87fcd0b8d53b3f52aea1de849c39d7b35eb23396191f77fe208c5be5813c,Approved,Approved
0x976eef42011126b8a26d5c9f0411768a3a83ed128e16459b41b7d7530e59291c,Transfer,Transfer
0x445a81231739853c19a9b1b9e6f765237bfe8c65af8b9235856dcd975479f6ae,Approved,Approved
0x73ec0f9dd9c29aa85e7e3ad3445a7fec152c3eee8ba0b405bfe8aacadf3bba09,Swap,Swap
0x340bbba1785223d4306ef8fc31e2ce3f34e4a8625f0254f75279137a4d95fc41,Approved,Approved
0x458b1be12da6b711e4454ec9e94a5a6b170fd2bcd59eb307259671a1678db4b9,Swap,Swap
0x5eb807679ccdf7fbed753e7f2d2eb0fa4d9c8991d6405e2bc30c6ae6c0510f12,Transfer,Transfer
0x010df71b0cb3eea9814c067a97aa1b6a24360787575372285b4595131e1a978c,Transfer,Transfer
0x45ac8b97c4bc006fe31548c179092d871015c678baff4c1ffad880746a3f35f7,Approved,Approved
0x0c6735ac5d25f2f91c0e8d927c87134fd022e3425d174598d167ee251ecc5674,Approved,Approved
0xb17c23f980c08f24319b1c8428fd7bb9943f7a867c23ab16c7724c998836f9d8,Transfer,Transfer
0x686e496e64544455c2f01985e30ea30e442ec3b292e2369d0d8e6822c4e99e35,Swap,Swap
0xf6b174671837f652ac861fcd07a2fd6b7e490d23cee171be8737ad57e0edbc1d,Transfer,Transfer
0xe374335ea0ce4a87eb1b4c1e8afeaf90cf0392759b43aea2626dbb0f5dd474f0,Swap,Swap
0x9b6b53f91a163f890241ef842b4111ffad016440757adf6800f5383c0821c3f4,Approved,Approved
0xa013cbd991db39972c3017b78972e7156174ca35a8c4da759b5958d060371526,Swap,Swap
0x8b2725ca77bdc490407569da1e6aa022b437d00c5631c9d0c597f10c2c6b880b,Transfer,Transfer
0x7ad1519c6abe424b04673eda8aa4a2ff4d8f4581adab00e47e07e0b200f1310b,Transfer,Transfer
0x5553d8595b2f239a4e2cb4a8d3fd1e7be3df379853ce409c8dae66cd37c2b2a6,Approved,Approved
0x1f490e413d34909ccab109c336acbf4da41e8f0ea2ca86713f799e17d7581fe5,Approved,Approved
0xada5d83b79901fa290bc79da1671928e68eace23030f742652d63abec8fdb1d8,Transfer,Transfer
0xed9bc69bca54bb23bc8501a72629203a8543b3561621f8106f61a0805aa540ed,Swap,Swap
0xe5a27f13e57622a0d8f5069a952c61bd77d6b576a7f4359321c07f1662edf31d,Transfer,Transfer
0xc9921c3659fad262450a7315f35b94b692999cc48195ddcebceaec3e04cc049b,Approved,Approved
0xbf1ab07669d5b08a6d4daa946cf1ae6fba89103f950c9ca01a8552a6b9faa177,Transfer,Transfer
0xe87722eb4424639a9382bd02268fd24dabdfa48aad814adecde05aab209fa80f,Swap,Swap
0x3442345446822d294e0f413f85efb64394ce4e16ba42ac86eab6904c89918852,Transfer,Transfer
0xbc80cbae58f48c064611fba0f56d59c08496dd1bb31d50c3dd3c7f3c8eb3a18d,Swap,Swap
0x8fd60fe9a19a30257feece01e1a3761bb4098c6895a7d9f04f1f7a1b8a7ee12c,Transfer,Transfer
0xa82a785f22ad2020003491345cb0eb129501be5a938e5736d395b31751f91da7,Transfer,Transfer
0x98889c569ca02d8007018ee6519e85fd9f1658faeb7af3155666c2d327d85adc,Transfer,Transfer
0x7c55c6092b0dea52e38716d2bc1efd2a45a7b2504bdbaf1eb4de797b412f727c,Transfer,Transfer
0xad94d77e046e309ca32498a1d73fa5160e3204c2a35e6efc7d444084118b2767,Swap,Swap
0xd1000baa48e23dbecbeb6208bb4213e0e68068a34b972e8cc8a3064079f5e9cc,Swap,Swap
0x496dd171e75baf7c62736a72127cbce1ccb6d08016825c21a271a7cd3af9ef8b,Swap,Swap
0x742079a05176f548b8b8bb47d587ac71a2c7baa3010914f0ec2c5539691846ba,Transfer,Transfer
0x0c7c2a06505031a75b0bd7a1cd98cf4a4e22645453e1d0eb885650cc459ab57e,Approved,Approved
0x15a5a4b02df1e4829dd4ef87ede61f989e600141f37ed63188fa504b714b2304,Transfer,Transfer
0xe22725cfd52e7c1c0434205e747c3f3ac47934b6e2722178597e837f671c5d4f,Approved,Approved
0xf57ba735f484540da80a450fa533079375c5d030cd30704c9b26f97ce0888db7,Swap,Swap
0x3263541fe1ea0a580cbac71085c607288f86788d56987f66b0dd88ab2967c03a,Swap,Swap
0x50ec732e063a443d0e43016cc0e964ec30ba43062248f7b04363c59ce018f5f7,Mint,Mint
0x0331738642f94f81324a9d642a749963871c15431f8a9368f1d95a5f67e532a2,Swap,Swap
0x4a61f353eb7c7a3633096800dddb8dc24a9b3af9a51cf04ad63faaf3e1f996b2,Approved,Approved
0x0aff84e7b4a7dff54bfbb1bd91db8df9c1e3251b2fcfb668d80bddfb17591ba9,Swap,Swap
0x133e588c55d1bd3bd581f5b0323a66fe4b06f2240a6be47d6f14ba6fec8ca740,Approved,Approved
0x0c7c2a06505031a75b0bd7a1cd98cf4a4e22645453e1d0eb885650cc459ab57e,Approved,Approved
0x9358b933853493bb6fa941eb59f8e220bfa287e9c48ff2a7e5953a993f4b1fee,Transfer,Transfer
0x86328f6807ff85e84c464bca6300ce54cb581a2e57c0aa3e57d587dd5a8b969e,Transfer,Transfer
0x04a31f0ccf701f6f5bb100daddfc3e84a8a4d274bb73fe7bdf14d28197c8321b,Transfer,Transfer
0x2dddb6ad7e83391ecb51dbf63ff4fab8651c97bc22790e294d744de5190ef1f3,Transfer,Transfer
0xae901823da7035d19d85990dae03e9ffba2366a9cf694b963ee688771bd8c6a0,Approved,Approved
0x54c77cc94cc9f5e4beefbb19c29e8be593d946ac7bdba0106f2d2013eb814e21,Transfer,Transfer
0x7c82666f69b8a4136176896ccbb93492c86d854719c4175f4a720e7393be29f4,Swap,Swap
0xc825b9f2a2e1e325443e09b9e885b593401c66266adc0fb992ff794d6fa7057a,Approved,Approved
0x26024a34c9d527974df84788166133041b17f02ece25b84213d930a0d6112e3a,Swap,Swap
0x4dbebbe132823abd265938f0a1bda2d763c146560fca72088b8e90a7f63b89fc,Swap,Swap
0xa6460319cac180f986222896c1c306c47b01e3d01e3134916251c43f1bceb131,Swap,Swap
0x6f64f00d28fadc0691f8865f557cfa49fbfbda4129c68ccbfb15152cb09c8552,Approved,Approved
0xae069401c5c726ec8ed2763c4a9343e02b2d7e661dda79a123d96c986a7ce02b,Swap,Swap
0xb92f4247b430b4b167f51af6c339bb7792b3c3cfdc0be83047153d84182860ec,Transfer,Transfer
0xcc78f74fd3af84e2938045b275438639066fe8fe7e84e34924b39e049ea34e78,Approved,Approved
0x1bf3e336113839fa23b951f4af6f987c2d8a9d592fdc568178e75beffa151abd,Approved,Approved
0x7c236262557e6279a6748f4d585b269acace14546a3529f294bbea3ac8da7f9c,Approved,Approved
0xc6e635ab595342d2d2bdd8599b70fcf22d8302fc62e7a6c482a61c3b54cf5e87,Swap,Swap
0x3dbe528a5da2a8b624a95e71308d43e4bf4aeb21c81b6155708e1adb7a856fb6,Transfer,Transfer
0xf87bce63193bb09d653b70529d947da1f68671dcb07df55dbfc654025a1c1c6f,Approved,Approved
0xd3c1c92f9eba601568c56de46843becd98bd5c4996001ff28c5efa43bdd67f84,Swap,Swap
0x9d1c690bfc7b7be67224f75821ca5d6e56a8ae759d3b316017ef5b5331b52316,Approved,Approved
0x9e5c3cb378c281d864bc899bd790741f23009eedadd4171a9420f7649a250d69,Swap,Swap
0xef3391438fe58fc4080ab5dc392a46dac08111b759f6f937291ada9439e9d484,Swap,Swap
0x65139f8225d3d19191ff1fcd64f300cdb514ee50822dc9b213e35ced26307f07,Approved,Approved
0x43104b81723b62c97d3ec9762850cd1d9785ec98e7091ecb6e98fe5c7593d105,Swap,Swap
0x75ee6211d6f069063fa1f749ccc6c58402566495b7b347930d2467c77d1a1137,Swap,Swap
0x68422de31dda28bf4172b146702d39122afb83e37593e94dd97cbfe80cee22ed,Approved,Approved
0x5b0b3284a53f48a3655a9cb3755b7026de1dccbb242f0c35b9749fd8a0b10a9e,Transfer,Transfer
0x07463b0d0c95bffc2682b94ec00728c9cc54d77496cd53d01cfdd76059617f3c,Approved,Approved
0xbbe2b3c7e7d2fd8af9a2ddfdbf1bbc7baf24b2238c3430701051fd7ebe695ccb,Transfer,Transfer
0x08bd0f71e2234ef70c542ed3906c6aff0fd2b1c7d8a0a59c5f3ac4463deb8a49,Swap,Swap
0x109be98b769769663f6abe829abb648fe4accf88dc679e667601c5b072e9cc55,Swap,Swap
0xa19a2e411b20b6456be55e443c049e3ef44c183925aca160d28078a4c92d36c2,Transfer,Transfer
0x3e69c43e92960f2a08b2c0a15b5812c9bbdae401840d10017a9003b5e90fdfa2,Swap,Swap
0x52128f3b34b947585e1c5efc994040615229eb3f4279d87394120afaf0c63d75,Swap,Swap
0x69b54dba033503d375d2dd1c2b838ced3167f54ee7784eae843785400be6416a,Transfer,Transfer
0x9974109697f00d9957c587461b52ce38f7db909c1d9c1d042c8e75c6534effb6,Swap,Swap
0xbb5a7cda367720c446dec45c778f8873d8f25dc1be822578a62d899bfe99e292,Swap,Swap
0xf7e6393d69698e4aa37a3d37020313bf52afb6cb8f956892c91681ef45b89912,Swap,Swap
0xfbcf9b8daf411288b6260cc23dab12e106649442cea2636f652ca921b51a6f9e,Transfer,Transfer
0x7c291e10fddbf8f36dacb04d445443f707909e492b91482f4b17ebf899efdd76,Swap,Swap
0x6f8191667d604f0101db82b16d29f0161c601998807fe467d5a6737f2f5f7138,Swap,Swap
0xd8592c54036e8ab6f97e51b75cc93fe88a9e2986a043c5fe8582b97cf55e675c,Transfer,Transfer
0x014c75ccdbc859b9a6c23ad18d88e187e0c5d62519dba680dbe3acd527c0abfc,Transfer,Transfer
0xebb5bf9338f7452096f6f701a116c21276d2f752901e6dc1df8c397b67b154f7,Swap,Swap
0x90b2c4c9768f9a40da6a95b925a263e2de0536cefee91a1af09072fcb505b013,Swap,Swap
0x9f89e6b06db6f548fee0af7ecdba5affb4201aa5bf1b5ede8b4649b5b02c6f62,Swap,Swap
0x63461b36eafd345bfa143ccc3afbee64dda0388e2b763a1fec19c9b1f70ed728,Swap,Swap
0x06d999af88c1a7a80b81664ce9cbacdb72ecf5d04714a814e82059d21081cfb6,Swap,Swap
0xcf15e07defa7c2ee5b74e1218fc6040dafb7cd9438f179e7b2378abc1f2e9a6f,Swap,Swap
0x89c703c1bda8e0704bf91a73f02291a13f0fb983be44d04aa377fa7e5b8617ba,Swap,Swap
0x81a7aab0433b130cb6d27491939d6da760f58ca0d183c7164bf9a55d31a69cdf,Transfer,Transfer
0xbd8ea9774d454a2403c326dc410e3a134248e1f7f0b0bcac878def53837f3b44,Swap,Swap
0xa7ce1c57c5779527811db65b3c0b231e20b7ebd568d443803990a2e3b4dc878f,Transfer,Transfer
0xcebbcbcedb6c9e84f12bb9a687dde360eddbe91664b33654d3c6e4bdec88d920,Transfer,Transfer
0x727e12300b092d1c5aa5a44207321238eaa1aa14370a9baed49cb5d3ca0bb64f,Mint,Mint
0xe4118509bdc8945c3c4bdf4133259b2dc9c0307157a049c3602177be0acfb5fb,Swap,Swap
0x8599f57e6242182cf94d442ac1bcb9a862fce6d179b98b3f143c7065e3c50865,Approved,Approved
0x4b76f43b486fc047c673ff3e70d86d6c4aaab9b7c8902c6da6d94bdd4e196b21,Swap,Swap
0x7e46475701491f81bd142f0fc1b9f0c0fa2feca3fa46cc1196131a6060fa49fc,Transfer,Transfer
0x1360043d661d12ef533a6dd84b4f4ef595800920cc1835b493dee5bd82d0df8a,Swap,Swap
0x0dce77638de8f66f009ca46b7fab3e0a43c34bb5e0b63d3a8e3cad9962ba6007,Approved,Approved
0x689ea38768b099a4310e8cc79e34f8bb9550b037b1eb5f9d3ab0b55803fb8c7a,Approved,Approved
0x475576010a6de71778ec3a579fc6787f5d559f1e3ee84850c319c6cbafac50bc,Approved,Approved
0xf2bffb56c637964ddbd2fa0726d871b8417dd357b32e8039c626f90b12f15877,Transfer,Transfer
0x3819873d5d2e8ffd0610d4e33ca4133cb83274a439a7dc7f3d3f357f28546ef5,Swap,Swap
0x97c546aa3ac1f421e2818ba7e3754f817e0a37570d89fdf475847b626b2c7498,Approved,Approved
0x5fbeb1517ce16f07d0403291ae48a1ecc24a8c99a462da3fb772cef53aa8b20f,Transfer,Transfer
0xde8059c760a54d721a899594ddcfeaa00b24c803e2f00587b79bccc873b9b77e,Swap,Swap
0xcb5d2c328d10b168514991a6b8b18e69f61ebe61831e4ef6df24e6af3c0bee84,Transfer,Transfer
0x1e6c46e811aba4a767efb49a444fd65f62e38d5540d64bcdc72c002b3b2cce40,Transfer,Transfer
0xef3631916933bb55299e202a2d6f58572796269bcb4e106a0b8008a17c3bb9d2,Transfer,Transfer
0xc1e34b01f115db1223e8f64b871fc4bff009c720106c66b5bb6c101791c4a06f,Approved,Approved
0xb73295de500dbb99f7a5aaa870c3d56976cccbd643b6af22fadee90540d4e692,Swap,Swap
0xfe86fa7bc2b1b9a9390a8f93e3a616fdbd1f5a65bf4ff50858a07eeb7753aa5b,Transfer,Transfer
0x59559edcf796bec388523744c3c5b6433ef29f6f7070525c46d8c550150e1073,Swap,Swap
0x073e86ef6f2678be97bf0122a410164c33e63697ca87d929efab053d3910f11f,Swap,Swap
0x8aaaa36cacad5ffad4c1f8aad386a43848b47e127496174913bc9727da06ea62,Swap,Swap
0x936882fdc0a5d0b486150daa4f1029cb71f63527804327875bd67b359c5f697f,Swap,Swap
0x303c87a3be1576220f9635ac418e30a6384f766711edd4526dc4c22cf2a1336d,Swap,Swap
0x3153f0a618e43b71f56a3d69281886f6acbc396d05db302c75390f358d1c5664,Swap,Swap
0x6f29e4f40d241f32a5d755446807582de91831dd418afdc05bd59158e3dc558f,Swap,Swap
0x237f4fa7bfe5e89b38885f19360bafbc0842941c8fa428f0a9d33835113589e7,Approved,Approved
0x06c71283ba07fc25ad8eaf480090c509e2c033fbab3a5c205cbe34231334c24d,Transfer,Transfer
0x3c1f95bc6bf5e83565c4bf950bf119930fa50610d4f539b7270efd804b824647,Mint,Mint
0x854e5b32672a2ff4a03962d4d1b47b5df668d55c2b621ca2dd8fadc794783848,Approved,Approved
0x8e56d0230c4e718cd9313fe3f0a0b4131d9c125fcfb0972b321a19d49171f876,Swap,Swap
0x96955cedf3ba4c4ccd52df45c09275d57eb0b3151f637f839beca872455deec8,Swap,Swap
0xcfbf64b816ff8d0ae8048ef5a82f5f1a08665a5026dbd2ebfadc275962d53805,Mint,Mint
0xe18aad3c74f1833fed37d4179ef888236fa9ff66882a1eebe1605271f4759125,Swap,Swap
0x9c9d12adfc0ca540a0f8624de016dcaeae48dbd8b4b2cf908710a48691285344,Swap,Swap
0xd47196823d01f2293824fd18dfad0fd2c12259278b132436649c542138bd3ea5,Transfer,Transfer
0x5dcad6d4aeead434edc34218a7e7af8975c417b67a4280eaed8b3b4f499b5179,Swap,Swap
0x3a4d38031cfd8510365fc2f3fa0d61e96e2885ccec034bb2272e52becabc5ad5,Swap,Swap
0xc668e227b1393346823c028174853c85cb10f0507e24cbfb55a3342431fd55e2,Transfer,Transfer
0x55876ec10a915b3f7f132cde6a94410b28aff4deeaeca5b4d50c4ef5f27c8e3f,Approved,Approved
0x7240084d826c1183a041c9a3abde369971162cd9dd26d3f44aada969ad63aaea,Transfer,Transfer
0xe553dde657930a3cef9ba8a3b2e2b943221caf2e853a1cdbc0f80ab4cbdb53a8,Transfer,Transfer
0x018d574856191c70826effa52799972188157f2a84cd7fb216a100b4e4fd1804,Transfer,Transfer
0xf10dfa33f7e9251ad456d2e3960508ed79118d999466a8881209703b88a3338a,Approved,Approved
0xb0d7fd964d4117c6429e314be80e201a30db595032915873feb980afc67206be,Approved,Approved
0xd908dab085800e472ded63a27f9b0a60874e15707e029588abbb97cdf287fa1b,Transfer,Transfer
0x5af94485af1fc5fc827286cf6346f8d3036bbcb6fac9931d0599fa77410a46bb,Swap,Swap
0x9f85f899d90987ef21f79be68b96020562f1a46b8c7a9bd611df404dadda196a,Mint,Mint
0x466babaaab16b760f1ddf57deab87b5d40e8ad723d2c86ac69db9ccade88e17a,Swap,Swap
0xc199cbb7f350adab804a325843661e5512571b10d48cbbe6e299d974eb3e208a,Swap,Swap
0x83f15536511c27eed2fd974a764f78c0ca8ad346b9c56c1c08b3c3397e4c3385,Approved,Approved
0xf5b8e821b0fc38a4348121423ca45a6943b80750409ef720ee7b1191de842a64,Transfer,Transfer
0x4afbb8753290b4bdabd83519f428af30ad2ff0a203351fe5056ee94aeefae5e5,Swap,Swap
0xfd925e73392de0c863485b8c43e85b062a9dc456b39a863bf616e8465a716a79,Swap,Swap
0xf3f087dde45aaa34ba1e1b1e71433d242abed408411f6e2559a0d7c87301a998,Transfer,Transfer
0xa9bf5105c7d2c47b413e7801b3b069d6b1e2d896af1c76b90f3976f57762a1cd,Swap,Swap
0x1cc4af471aa0a424d64d16205e5cf78a50a6c760bd01edca9ae1c76d7387a0e0,Swap,Swap
0x1faa4b039ef92a220198b50b57e7ea67097d4204fc22e3dcc3b1fa1e7c7e5af3,Swap,Swap
0x828f326345284af13bc58ef6e997735621eb74f651a29419ad6293ca5c147f6c,Transfer,Transfer
0x800c7b555ac34fa063b564bf3edb59a742d1fb829a957b91f59853a2326a5dd3,Approved,Approved
0xfceba86a7b44e57bcfd724cab7763b189adfb7fb04a9dd678afc2e8a9a5ae32b,Swap,Swap
0x2346efee08b9613c53f65ad098f5ca04862bbffb9850ad7a42e827edee9004c1,Approved,Approved
0x567331a94c685c35d9f2190f15ae14f14194502d3dea3c90cad194960989ce6b,Swap,Swap
0xdb6b555bd9af16f3cc843b83167aaf4568fd18990451610dacc93da06d44e283,Transfer,Transfer
0x95733e120f3371b640ff6028dd3cb00aef2d1884d2b20e12c50eda3c1e6278e9,Swap,Swap
0xa197299a5f053b7deaf419c1e68c2d8b5e310ea23b5d955ebfef1622cc17684c,Swap,Swap
0x47c09aa28aea087cc7490459aed84d586a384ac004f003fe07818c9925477341,Swap,Swap
0x7d21eb326d7de548133b6a806b62f32266fbb324cdba3f1741578d1a2c1e0693,Mint,Mint
0x7c82bfb94a104cef02d09c4bcb41284e6c6eefd3e2f092790359e944d6ec0cf6,Transfer,Transfer
0xddde35d2b97cebc78b706e99f376c43b830de8d4c829d84eeb51fa8a37cff107,Swap,Swap
0x8dbd254deb513beab68fd1f293b54ab8ae7fa8e456121c3725c1a0745a9f654b,Transfer,Transfer
0x68b5cd74eaac61dc915b0d3f56b783eb2f18dedf1230b5d166c3b7e66d41650d,Approved,Approved
0xa6fb85704c459f22f0303eb90fad15e0516a72b3e5372979618ad9bc5d938b6b,Swap,Swap
0x7b2cdc4751b0188d7d96c52514b5b790f2e91aad7d6c05b8f568558a0a471af3,Transfer,Transfer
0x4a587d00c93c502c08ef306cafa1513ca731c3c80b1b427c6c57879faa707fff,Approved,Approved
0x0219b87c0631f9baa4c059af7c5135d24e187d81ddc243aa7ab110869f3d828b,Swap,Swap
0x4b4e3967a55df781a7c27176db00c5fb07001912830d302aaa831fb0b46b76f6,Swap,Swap
0x9eb8563c640fb1d99d153e12b4955e2cefb0c31c2afbdfd12d0cd3816a6da484,Transfer,Transfer
0x911f80194927a9212824f93939f96cc6cb82ff54db8f1bd8ab6af020d092ca79,Approved,Approved
0xd8233768b3a2f0811e9ca727e1b107e9803a97dcc01c105a62c604622cb92ba7,Swap,Swap
0x6047c02e9d3e7b279614c4599b3b506c61076de4664c6116849c7083c2a9e629,Approved,Approved
0xdaac92afdb19c333f0096a812683b549ab620cc69f294a12e6c7f089ae0adcb4,Approved,Approved
0xe0678c81fba2d6b5cfe95f0dbe5b2ef85e1512595692b786ca010f741672f58e,Swap,Swap
0xbf6882451c5a4a021bc74d0f0489da91a0b3f555176c08fb473ac0f33f48c586,Swap,Swap
0xfd748423584ed658c9398f5e688c0d17df3eb3d011ad77fab76b3e20bd6c95e2,Swap,Swap
0x72bd7e8a526d9014a3f25d7d1bf6db26725e720aa95b8571b1d874be873de650,Approved,Approved
0xb9595e3af442e149b1d8911537859c627d8d1f19d45c257e0854f4629f244036,Swap,Swap
0x101eea5ce6a15932ed9c8338e9da74de85c7cf058139ee97c96a231f3457b235,Swap,Swap
0xb2390a1907e6fd595a055586df73ef955eaac198528791fe0bba7a447f71edf7,Swap,Swap
0x1f737880694edcd14afd99d813fdf96277f94aae6b0ffc62ed8838b78d6a1e54,Approved,Approved
0xb723cef0add6651b486050121c4531462c336345a16066f28da4a8f922e1775f,Transfer,Transfer
0x8446e4b67152b9974be8035996a8fbe6ff63d9b7a4390d409db886c01fe5eec0,Transfer,Transfer
0xc137ce279d7ad7e4746b4799a8d62031e18120221167866e94d5a74db2cb979f,Mint,Mint
0x51f57e80840ddc2cacbdde91e97d0ea198cf7a09adbd65efde802dc31bb157b2,Mint,Mint
0xb27c5ed3b162a1afeb0d27823f5642ca7ea82a8984e4762014b8b1d4d458dbe8,Swap,Swap
0x486d64b2e2759f2202ed3f02c40f6d73855b784121b242f6df5f89172b16c46d,Transfer,Transfer
0xd0834aa0216bff1af60cdb3a010bab1460bc57ceb36671644c2b5636b071c787,Transfer,Transfer
0xd58963569b6ec4f7f8d70e718303ca08609bad5134ed98b9d87431b8bce143d3,Swap,Swap
0x9d0fe4f6b57d31e2680b14b335ed523abe7c8a8bb5a1968ebb1408466b68bfd4,Approved,Approved
0xdce1f69d695bb3bdd31e4975cf05ca7595ea7565c90bf414d58d8dd029dc7567,Transfer,Transfer
0x839de7b104be541b93fcefd8061306694b3d4f7337859276d84977c71190c60f,Transfer,Transfer
0x0c6735ac5d25f2f91c0e8d927c87134fd022e3425d174598d167ee251ecc5674,Approved,Approved
0x784dfd54866c7051253295408b602962c78cd3f876dd73b926ca87e65cdcd96c,Transfer,Transfer
0xcddfb0e34baa4cc5b5980794a9d996741c7513db234f54fd50eda6c00e94f4b1,Swap,Swap
0xb268db84c69903202263751abf36918666c70e82b5c6bcb048b52fcb63cc5a77,Approved,Approved
0xe2ffc5faf75519765d4e30dc31c894984c17858972dc0a99b27187bf29b8eda1,Transfer,Transfer
0xcca9db1e89dbccc7ed8003a9f464a378e43178432fc2f5962ec9e340e2f222de,Transfer,Transfer
0x3a229b5a473c7be49547edfd666699d504901f2427dee8927003f7c28810e21f,Transfer,Transfer
0x03b159f498b9af0c9b15b301dc679cab7460d341055e14c8a5ab490edc786b7a,Swap,Swap
0xfb19c8259a407a963d7a62fa161a2f9b5fc9fd70ea62ad058cf8d87f53c2cc43,Transfer,Transfer
0x265f12ea88ac217ebd533abca1e4041266e944fdefc84d9654342302966deb3d,Swap,Swap
0xf0917f0bc518341c98f3dcd6c7558e7017432d3ae4795a9a66485d5ee0cdddeb,Swap,Swap
0x504d6073de231d4fb8a4ab985a01fb0f305cd8d2b22563395eaf1581c6708f50,Approved,Approved
0x3f654f2bdfdccfd2ae2416b468b60e5046cb5f96391000ce1a4a04b21359a422,Swap,Swap
0x0078490f0bb604e9f3e427e836f9c1deb2752b020b68a178f86e03818692d1c5,Swap,Swap
0x930d162904c2625c2f6df2d501a5754e41ca9daffe43c97dae865187e9b497cc,Transfer,Transfer
0xcb594e3362fc4117f59d80d930a0a51e06961cb786fe73786fefe8ba472eb544,Swap,Swap
0x6aadf6971c67c94953fae7b8f9aa4f53a2b8bd977f61fcd87a03c3294b5d063a,Transfer,Transfer
0xd35f02a6c4966d8bf0703155be52302f9de5b3ea8be579666c9b2abb4c6e014a,Approved,Approved
0x0d1e76b2346191661b0dbcd569bf0ee7c1a83e715b759f4523a68262eba1167e,Swap,Swap
0x91e07755c8dd3f58b901f0ed906620f35e8ffd84b529904ed6e56510434688e1,Transfer,Transfer
0x243d0c49ddc87a6ef0ba74cb839a34600decca875f9ed6acb11e81241f284a77,Swap,Swap
0xfd55b47658216566ed843b1089288cd17df43df571951340ff52b77d336813fe,Approved,Approved
0x5ab39b19da7de622e89491b5d3b5d742338e3c8214c959e241f3ae97d19897c3,Approved,Approved
0x7dbf3d22690f11d7e3f1809510e4caaec412c4c66956c4ef9254e7068589be60,Transfer,Transfer
0x743c4292b952595e7445432550d0d65ffb8633f275d06f777438ce78c3637879,Swap,Swap
0xa22b425910ae92f3c1a64216b572de547037ade5c45ba2eb8997bd974ca27b67,Swap,Swap
0x833496f8f9bb658af100787a62cf90950d690ad4b458f8d97c0fd0810392071d,Transfer,Transfer
0x8745ba16e8b94503d1df16b64e70f46634551277694c353484d3f2852c6f536e,Approved,Approved
0x67e4e52f7540c3836ddeec58533692657f940725489e5b159fcc8e006253d0a9,Swap,Swap
0xe5a27f13e57622a0d8f5069a952c61bd77d6b576a7f4359321c07f1662edf31d,Transfer,Transfer
0x1ee0d26dd32b93af9294e25623655e994871874dd27ff3567e41daf09f3ac1f7,Transfer,Deposit
0x783ddd31728676624477848385922ec043fb54e82c0d6dd002b24e66f3641c91,Swap,Swap
0xb906cb0e48b5696a70f2b750fdf65b0282157751cf0391927ec1908816f852cd,Approved,Approved
0xc91e401b8b92a13fb3674479d9b6ae246b99860e95e5e03a3c6d895b8caad5e4,Transfer,Transfer
0x831b4c265b7b03bf169e3760afad30b985632dad46826e3b76705bda64579f96,Transfer,Transfer
0xf0cec06b4bac62f1ac5b8ad7f3bbecac15134ff221f801468f4df7385c5da915,Transfer,Borrow
0x53e0f86db25f10db6b98a9f9fd05c9605609bc89e53d1bf1d46471bbb634f2fc,Transfer,Transfer
0x745c7a8c545f91c57a7ea43b9d5745f4e56859c346e857e116064d65f9bff4bd,Transfer,Transfer
0x41d2b9e14c45c323e7ec49a566380f844d866636cc7879e442321b488a95596b,Transfer,Transfer
0xca87e2fbeaedd27e846923ca3586096c121f626a180e7358c3b90e7c81fc30de,Approved,Approved
0xf432f0940fdef09120715f9e8b351edeb887fd3820a2a441d062fa8926c3d860,Transfer,Transfer
0x86c0773528afa7e7f074f0037df784dc8f89a61950dc21e2fc5d98a5453f533e,Transfer,Transfer
0xc3beef217000a361586a03e3a3eb8e39bca8fbd1dc1717a1cf493227b6de1ed9,Transfer,Transfer
0x6b6dbfe1cc639771745a0e0a02acf28c2fde3bb542e09ef0198be3df086e96d9,Approved,Approved
0x23455ac29b574a02cf3306558f35f3bb07adc37bd4ce785a8cd68e37284607db,Approved,Approved
0xfbcf9b8daf411288b6260cc23dab12e106649442cea2636f652ca921b51a6f9e,Transfer,Transfer
0x0e77290b4644acf0ba24635e40fb0b0e3c33181183cf9a4c745367be01c48e53,Swap,Swap
0xe3097f8e48f8a45a005d73d7181216b2a6a8de9431c8e86dcca0a7257906d538,Transfer,Transfer
0xd79203d4ab15a770dae8b8cdf527fa4d11006cc8442e23b14a96b517a5c114c6,Transfer,Transfer
0xb68c66cda2c317755be42ae66a91575a4039c2247ec61aebed0c7e726d258888,Transfer,Transfer
0x5e237b12aebe8cffec30f776330ad42cb198f62b3aa4818f43cea71669f54a7b,Transfer,Transfer
0xdc70de95bb0fedb7855afce8da9357b383a5630a4855ad403a2d230ee16b3d39,Transfer,Transfer
0x630097ba5511fac855fd48663c82ac2719da0c83aa721209e39a4daacacdfb12,Transfer,Transfer
0x5eedbee0d14f5152eb45be82a65d338f107cd3544b0d5bbad8dc7043bc049f18,Transfer,Transfer
0x52a3f4679bdeb71c9bb1a3ea24c6bc33b0158d492e00976fd04d7802582307f5,Approved,Approved
0xb6e1e0ad898b6144260a4b930c6ccb102d792b4a3179fdd42bc3f5a48650fe4b,Swap,Swap
0xd04113c298cd5feed6542be33de2b3df5680c775b53ef6d2e710e46568602c02,Swap,Swap
0x65460c44b9938699b04a63b813ec1698f219a295e5e4d1cca4b9f1a69fc962e3,Swap,Swap
0xbe13e1ca84a91dabaf18938b12aaa755fb64cb775f8a3f6f52a18d95e23d2d10,Approved,Approved
0x7c0e0ef451ff441031b255c9c9fe1cce091c9c63fd76527a810b9a5033e27dd2,Swap,Swap
0x36d6173c2077f949fc41dace8ae0657aeebba75c0e7131b1f7428f75b06728cd,Swap,Swap
0x1afe9e5e98486486b736a37e8517e95c1c8de3109550cfe397653364dcc9c275,Swap,Swap
0x23e9ceace2fd7b04fba6db8197142fb115357a0d1c39a69b3b53b9656197426e,Swap,Swap
0xd326fc317b29e1fc247d9418b2f097aeafb7051066ee5c9a282b5a84b3d8a9f7,Mint,Mint
0xe8b5f227634182f714c937211cc72bca8472c0d154b639a46dfb52f785772c70,Swap,Swap
0x972e67fc19311008629153ad7b55e8f6318a039eac91c02545837adf64df8590,Swap,Swap
0x1d487c30c3925700811ed9a326757f59b71156cdd37297eafb1062872110159c,Transfer,Transfer
0xc34d963665941b30bcf539b836b1e62aef37baa88a2b260932db3ae3cf0c0ce1,Swap,Mint
0x86c1c6c812d4f17c2c0092e41142407fb37a91130dabfd2b13b7a9328caf5a71,Transfer,Transfer
0x11e99d5655ddf167a0d3ac815abe35ec53105ca8820188d55d8934ba1f32bf99,Transfer,Transfer
0x9d94e947d081ab65f5f158645407278547fea309a45398407da025fb9bf6207e,Transfer,Transfer
0x14d7f6c01fe6e559a36cd07f12d3087d7f39ad58cac5dd7f9bc41890ebb19c50,Swap,Swap
0x5c665afa1b43e7930017967c7361ef3230dcb086b2c2c57701fe76ae188ccf7b,Swap,Swap
0x74caa6b6b8031ce69bd79651075ee641617bbc9108fc9bad3a6f8a8ebcee8da6,Swap,Swap
0x62245e04d920d7b67834f2d25abeeb47f4357067915bd26658151ee3c4472e75,Approved,Approved
0xb65e87812536f8ccd9beb75e8ad4fd6388043ea6d0dd165bbeb0143b0d30d50c,Approved,Approved
0x8115f62ac1affe2b14cc29283e7e91fac07a77040966a53cc3d04fb6e22e0993,Swap,Swap
0x6bc4b1ce3890fad7d1378b60d23cf4f7406274e54fdc5c841568a56f65f4ee8d,Transfer,Transfer
0xf60d1e990dd42ad1fcde47199d9349534e565d6c91d15433fbb4ddaf894c94f2,Transfer,Transfer
0xc8c547e4bcde2f0a231a671a4b8ecda3eca7784e458b8b1a2905e2be29dcddcc,Approved,Approved
0x928a125b271e5432be1bd7948e1b56cc125fbc66a3c8e2e094c85ffc517b8b94,Swap,Swap
0x0060260110e44fc75dc5b592a939c57bc35e04cff5dc5392c20ac9b257237cff,Transfer,Swap
0x3a46c159c9e076c044f208a9880b5e1d07ceb9c877b99609e62917dc3c0b3644,Transfer,Transfer
0x933e002dfbf0bf7b2f5d98a6686e55a15eaaec73aceb8db1dac7816cb658857c,Swap,Swap
0x42b3905a4dd5ec9bb7ff81e0b98543cc7947afa27770cd043f0a4ac4e584e560,Approved,Approved
0x332d440c2a2593f186e1fde975bba8b9657bb7bf71b57f61be5d12fd535a7db4,Transfer,Transfer
0xa924b5c9cb38ba0dcb3acedd7c9385609ec88182703b28d404fe7de4c2360ec4,Swap,Swap
0xae0111ab96c7492897318f5516f95c84fe274a4362a79e29cf97e9955ac55b86,Swap,Swap
0xc7f45e01a8191299e5d7c57e1004f73de73fd8673506735a3c2774a9b7df2f1e,Approved,Approved
0x5d18ba7b483d6bcbc77adeac65cb712c7a7a98acd865e617bad95bf0514fd740,Swap,Swap
0x6f3c022f55d20d0d1d483a78a2f73211027a998af6906884f7064b81d3a2f0ad,Swap,Swap
0x64f6843aa877ebac78c535e2a3e9c04e44df2d8601c0fd046c8cad4474a66cb0,Swap,Swap
0xf5252d80a14907a15c5aaa0d5c2f7dc1b236945503f2e4cd9c85372a2748bf9c,Swap,Swap
0xd02381ddf907ccc3f7845a5ad08f547370ee6f25de4c78a17477f77d6507cdc0,Transfer,Transfer
0x6b1e0305e1e861494dc4442734b982292014c7d3e7f116a50266e12598a6e406,Approved,Approved
0x25a9453f820dc089ba688663f5b62405d988f0c57e3a889095ebbcd12bd3df29,Mint,Mint
0x35547ec2bce67faa9d79c8c9ac0e81ce536b2889785659c9ab8656cbae41d643,Swap,Swap
0x2f8556d166e474fba2c2f70d31c5e17ef9fa4e587528b55e7a496d4be02e1893,Swap,Swap
0xa6460319cac180f986222896c1c306c47b01e3d01e3134916251c43f1bceb131,Swap,Swap
0xc7259a3f6359c560e3f87708bc425e182ee8c0b39b4a1b8f33b1145a087e3812,Swap,Swap
0x392770a8a710f6e920beb461b04f57e396cf7077a3cda2af1cd6cf817d907fc9,Transfer,Transfer
0x358a1a55c1bf6ebf3f49e355a79132f447a85465d17a58daa11680b0a27d6fb2,Mint,Mint
0x121f4b5186a831c53a1aa03ae6e59f8926f5b1d3001576674ba3e2daa9f11414,Transfer,Transfer
0x751133d114fcafc4b78499426bdcdba3678e6fbf74e595883b24fdd0866d810d,Swap,Swap
0xd15236c6f8b2d8dd49a8d74ed34f633d3160250455d540ddab06387bd8acc11a,Approved,Approved
0xa144419bc15b37a06515702f2083413e40f4f29cfb74f034a88f20f5c88557f6,Swap,Swap
0x148837631795f85230073ea6557e0cd8426e8d541ac0c2c2ed648a1995a62cba,Transfer,Transfer
0x45f0f12a3b06dd2570e03a385e9977a507cf6ab07eaef3202673e35cc306294b,Approved,Approved
0xd774e7e6152d2aa403ac78e579b43d0cc96fb164c1b0b6048a6893ede17b548c,Approved,Approved
0x6b79fcb818f415eace06a2f7f0de4295c899f8e901621969e2c56e0368565778,Transfer,Transfer
0x1080f0bf976ac5c73f4655008de24689dc75732c5a5a1fb634c2ecb083cc5d31,Transfer,Transfer
0x6aa24f82099ae5a75d3809282a4d696c301256b77b4fb4abd00c885110917a74,Approved,Approved
0xd70307ab6be0182e90a5d105869e7181fd9f82fec9e64a06a134fedc49f65a0d,Transfer,Transfer
0x13db524a163a65b89e24d1bd2b88949fe2d9f3d13719f70a19771d924a03e2fc,Transfer,Transfer
0x130fcb2f71ee2ad06db54d81cb292e08ccff1068ccae9e0cacdeb38f3083430a,Swap,Swap
0xfa2c025773be19206b44ee83d7ee52799b2a09b3b6c46fd75af0fb267d52255f,Transfer,Flush
0xa1bc8cb8f3e3438b02bcc090b5256473ea14433b2e9520506132d346c7b1f834,Transfer,Transfer
0x6aca827b0763b2b407c6aafa7070d84cfe445a3c3c108a56b79236283943bbc8,Swap,Swap
0x8e668d5cf680fc7b7dc2336c03868b1acb4f23308c3e50d4531031a7929083f8,Approved,Approved
0xe521dd1e2cbef8af9b1a7080a2538c114c36609932182a7fb116bb7477697cfd,Transfer,Transfer
0x8c006a40dfca1d9a20f6bee11be9989b26059d383f174e2a05ddb248d63644a5,Approved,Approved
0x9d54652c20a99044d5da65c486e307d06ba1d028141aa14dc14d237428e226cf,Swap,Swap
0x2d865e4fe918f0e31724e3590e4b9d697de8537219fa19b96d2312d2152c3b68,Approved,Approved
0x0f89c8d4c131b1933796491ff0071cd76dc4e5a1b9935075e757ca577046074a,Swap,Swap
0xd1000baa48e23dbecbeb6208bb4213e0e68068a34b972e8cc8a3064079f5e9cc,Swap,Swap
0x3d81afacd96f685d759bb9e95024cd1838809e1c0f5816d2933b029a06573abd,Transfer,Transfer
0xc8145198755a67423d83c9bc0c466f21ed0e5623bdcca646c09723309719f412,Transfer,Transfer
0x840348ed1891f01c2588e9af744482148370cba41d7546cdb9190894aed9d49f,Transfer,Transfer
0xd721bb594581a54f5c0de464f722545fd924e91780ab447f7dd0c0232dc19edb,Transfer,Transfer
0xed16c1b0e103a611cd0210ee564a9f2d255d3a5e193bb48f27ee34fddf564032,Transfer,Transfer
0xdc15a7074fa149768838b85da6cb8b9d440b1808552f614ff71e8fa7689b08da,Swap,Swap
0x7c0f2288ab9cb1054e32753171208bc5d48e2c241e91f07228485643dcb17752,Approved,Approved
0x6b8b470079de82edb09eca22251c086d9265b64408231035849c348bdf7cf21b,Transfer,Transfer
0xc2fb1d6dd379d01fdf24d28b6ce48004391cef4c7a825bdb9c7e1ad2f8281248,Transfer,Transfer
0x5dc6626cc8f40b63a425310972bbfb4502066bd47587096771aad12966baf134,Swap,Swap
0xdf9e88ff054e590560ce63e668667e30c11cdfa90aef10b9b57478e80beb2890,Approved,Approved
0x8d8a0c69887747f849724397cd91911ab587e3c22590d5cb1b6599a52dfe3475,Approved,Approved
0x4116d3437f08469f56a874bffbc396c58f3efa2464192dc5a99218eb9d2f813e,Mint,Mint
0x49aaf2aeccba72eb3f931849d9772a62ca313b45365f6855fa2ddff2fbf373dd,Transfer,Transfer
0x7b922287503e608effd9fc89ef5a332de2e7a50ac291ef2938f0bc021571dd0d,Swap,Swap
0xe260479a829d60fc4a3128b4ae84fe82ec6700eafebe80a63d9b7fe9c4ec9366,Transfer,Transfer
0x237137531416f3b2bcab5024e223d883694d71d9129ad18f7fd491747d339098,Transfer,Transfer
0x7f979cfcc2613d12d6e7e49d8d53b2a1f5794a5811b78d7ba3fd155bf589717f,Swap,Swap
0x0bf77ecb801aa169904fcce5051b13b85a4fa9b0c7967122a3b744e51bbff10f,Approved,Approved
0x6d087cbf5fe35cffffc3ba51e0707e17c7fc9d40cf43fec15dc7cbb127d2a3e4,Approved,Approved
0x253fefa2ab1f71efd2a2f7e49e5e95701e3fa52167147cdb9df62adeb3e398eb,Swap,Swap
0xd2c536daac84c2dc99ee86d26d150a686c85434cf3b4088ed03da589d987cfdd,Transfer,Transfer
0xb12df9b89e4153d3517f7591c9450a65e6f7004c94fb2a95fd9454211f76d5b3,Approved,Approved
0x35d30f41fe4a44c62df9be1d46d0ee96d7e9cb6013a64eea6cf6c6261815ce6e,Mint,Mint
0xb296ea3707c1ff80e5d5c7b44fd058d586a1066f873da6cc3b1ec7e6bc16e9b8,Approved,Approved
0xf2f0b146c40f1de06c035c6455f1dcaf2673229908319cb7c9c7c38a4ab11f12,Swap,Swap
0xa745a111a8ae18878729b4b7a09de2641d6541dd2010a9a2d6e68405ba59ca5b,Approved,Approved
0x79f75adb9baad310a17d882628f3eec62a221f5d6748689e60fac349a32d951a,Transfer,Transfer
0x01fc6fd70ac2c6fa2c1a8f734d19263b2cedd10bc884222a8cb2b51ecfcdfa8f,Swap,Swap
0x5fd110c20ee72b48fadd4e0ab9a7b5914cc729956f06b2a6654d72e700370aae,Swap,Swap
0x7d3ba4c9b308ecd250f69f98f16837141fb43d2ea6ca3dbe814e35b9831562fe,Approved,Approved
0x68189f6f5d1eb0534950e17dd5440bb789bc8e27a466c6aa987f063a7b17f10e,Transfer,Transfer
0x842bf67bd381b5eb8935fbd427648512e6fefa0c7f71a11b85fa68f7a474f9b3,Swap,Swap
0x6869b935fea1f0b3364b7e4334eecf35c5e3af1ca36bfbaf41df5ff810593d59,Swap,Swap
0xdc17e9b1e885932f75e74762d54dbda16be40b1597bfb933fddeb8681ce7cf6a,Transfer,Transfer
0xad4546a7ccbfe0f9be911d40f2b96f02c5766a655600bb36778ab40dad6cb4c9,Mint,Mint
0x5d4fe56433b9dc7ff8dbc0cafd6e8868cbd69a48a9150c7b3bf58a489e6d2792,Transfer,Transfer
0x9dda618d287d53e9ab4b45c85e92c319e9b5e113d63b1cffa8c1c08870843fd2,Approved,Approved
0x7931b8b91ea087668523e5ce6c921a2aacb517d9ac5d9c1c2429fbede3a6c940,Swap,Swap
0x4d61e4123707ecb3c70622257c8a9b5b366284ed9c45c14cae69b802e93d5ead,Swap,Swap
0xc5f6d31b6fa4c4452f67f6bc81294f64f93a5353d731f62f08d1622b3a57cb1b,Swap,Swap
0x6601ec7278a147b42d70ef81a5c35df79b3c981da7e7753028f91ae212cb4d00,Approved,Approved
0x36cff524821839ca856ca3aa5b5bd0c203a557edeb2bf42e8d2ece7f9b054065,Swap,Swap
0xcfb3374509ae1c8ef64ce2f9d6352fe81d722c56f9eea9ea66605713562e32bd,Approved,Approved
0x2656c572a8f7b1aa4ccbb69000b3b442025cbf0a6fa03f4170e54c6a00fd6a47,Approved,Approved
0x24e53fc286b091d763fb5daa106098c15b3d5a7d864a5e61709a4a386482e97c,Transfer,Transfer
0x3c9376987b4bbe300b8a1a6eca7e0c5dd76d7a45afe1adb70b23f56d9c4c1960,Approved,Approved
0x5a790dc650888048ef9971ac20f0569b316e76a374accb89cf846e2e5d1d47e2,Mint,Mint
0xaf4cba9cf054bcd3d82861961c176a4ed492b3da9d975096929013c5f8a664c7,Swap,Swap
0xc3fbdadbf87020cc48b91605c40dc1d4e0930600baa6591c987b35a7312402e5,Transfer,Transfer
0xe3ece6f3be02f432c99fd375d344ffe8dc4b24e449604ef1ca7770a955bab82d,Approved,Approved
0xec1d65bc4fb63dda6b9ca8debd29cd793902e55281b8bea0137ea7714d34c219,Swap,Swap
0x31e6c8efd1f1a140c2c97b5cf1b6f21c92fffc4917e6c1a924e9cf5e3dbf32e7,Swap,Swap
0xfcc6a59c25d225c27ca8d44024983187ca0d3652cd9a7c3164a7b3accc4dfb78,Transfer,Transfer
0xe096a7c35777aaae438376f221b8da4668ab637c4249600c01997569d72dda84,Swap,Swap
0x65bec39cad966339af6b1fe1a93ad903b0009d3e10289e2ff103453d69081b02,Swap,Swap
0xf2e2b37f39aebad3494c92567595373a72d8a381ebc72d9336c6e66aebb31185,Transfer,Transfer
0x60bd42d21fd3d8b8270cb1f23b93626771c67b74eb5e1af8ed84401475716976,Swap,Swap
0x410138cab745007f7bf670fbe1f56409ea2fb1c659bb6062d9aebd2d6785b56c,Approved,Approved
0xed1455429c38bf4623e1b84c4d2c05bb386900f13ecdba930824fa5f4bd3421c,Transfer,Transfer
0xb246bef5f0692741d8490946fdf9726ec7c9fbfa1015bc9ae18a873690160221,Swap,Swap
0x68ed0c30570c84b579490c8126af771e4a41105395200e58a2e62a4fbf37a4d1,Swap,Swap
0x2ad8769b21883eadf0bcaf2249e105ff6fae6a7539c2c19e83616b56d210c214,Swap,Swap
0xfb081b5f32603201f15a009d8bcbf9fc028eb18f1ec779749ccb25137b70e4ee,Approved,Approved
0x8614e67855c8aba8f5cc710bc3a011e3e921c8870b5aa875cad3c7811cf24bff,Transfer,Transfer
0x59047c9c6b10a1130748c1e3762c4c994e41910b42a6be60d9eaa4b7ba1daa43,Transfer,Transfer
0x60a29c8c33365453bced178ddbcac8310ad6d60aa8cf66960d54a0520c52bdb9,Swap,Swap
0x6f64f00d28fadc0691f8865f557cfa49fbfbda4129c68ccbfb15152cb09c8552,Approved,Approved
0xc1e64199d60a6420e360ba326f4026eb61a085481baaec99f2f49224f1b1e96a,Transfer,Transfer
0xc7504b22785a2753ca5831861b01f1298610f16e365dc3d7317e58b43ec83108,Swap,Swap
0xb97343d6a8c10996373e4840b1b72f0029d9fd988f2e6e06b922224d396c4fce,Approved,Approved
0x178cc13dc892a904c7af8b47cb6b48a418c378e9628da23ff33173249df52167,Transfer,Transfer
0xce54bc0523ac0b8b112a8d74dad2ad9ffeb8d8852cc1a049db5830bea089440c,Transfer,Transfer
0xa1868e8760fe2d50a9806d3e67b7d6375066f3ffaf44de1457a4d26c515ca4bd,Approved,Approved
0x58d7d77886f91297808eeba9870e37ed354ab634780e4890f6d3cae8568a423e,Swap,Mint
0xabf16a1fbd616fe634cc70424d37bed0a670f4291bda0986df753e191ba015f0,Transfer,Transfer
0x4eafa195210d75a234a2c64d6f096dd2ea8a76642104a36785ae35db5b449bc6,Transfer,Transfer
0x651fdc3b73f481988fffc37ec9634405f632e55439cf9f5f22e769cc4b50a271,Transfer,Transfer
0x5ef4675f00d1bd57eb92cd8625b14cb0b7e176e3e83eb90723d03beac4d99ead,Transfer,Transfer
0x2089fd55bdc3dec08c993194b654aea7da83fbb7874ac21bbe6cb9da4528dba4,Swap,Swap
0x5da021e3b5d9769d5b5eabe915dca394282f17a959ee081db97824bf7515e41b,Approved,Approved
0xb6ec7b03d01eb626be5e3eb13766e80250f6068e770022e20b939e9d25eb1d6f,Transfer,Transfer
0x6fc116d9a008eee03a498ba66e214bcefcddf6daff0392ec66f87567e675e963,Swap,Swap
0x6baedc209df1d6a26113a70e25fab7032fb50453084b843e5eaea1a22bedd50a,Approved,Approved
0x065160dad595b668dc2b33f70eb8d6e22ff1137c178dab030f03305f531b9134,Swap,Swap
0xe59d190823a9218a271713efeb3336213ae9711192bae6e7bb425a2a241fc3bd,Transfer,Transfer
0x8bf92e340fdbb9e23b86f368b67c01d2319fb61c39a72752366d616fe8062aef,Swap,Swap
0xc6f355e349aa428e4888473b520fffa34864f988e568098aadc7d576a4c1ddb6,Mint,Mint
0x82a8068f08dd8039fd15929e8312a8d4192427dbfceec3d23639232a657e4534,Approved,Approved
0x4b01daa7161ae3093acf75b74d696f1317c7bc9c0b6110d3421fcf257cc503f8,Transfer,Transfer
0xe4fa256ff9253a15735ebb89b2845d9469a57757b30dbbe340fdb73375a26f22,Swap,Swap
0x52247bedfbc34967717b82e29c6328fc4502308c4a950f8f3e7fafa66fbe2372,Swap,Swap
0x5043e8e5e201f4c9a7daf03610a8f51e59b9c4d3b34a253c8888c59aa8ed9f6c,Swap,Swap
0x87f5fb4d4cdcde6e843a4753a1870583010d42dcb6baf16c8b9350bfc50a6e13,Swap,Swap
0x0ad1d70c41e165d6efc5302aecf0852a69416e8e50fedbb68d3ffc2b59a52d82,Swap,Swap
0x3c248e65d71eefdea6d95fcae5a3376f0d8b1a4f0f0eabb178112165d24f2fca,Approved,Approved
0x9e94dfe121d9659a99afa49ea30e4a60a241f3ce8f25e6686d79478a60d6ea2b,Approved,Approved
0xec423b54029dad59ee399254854a01bf17671aaaeb391dee011997c348c573dc,Swap,Swap
0x3cb9d03fc0ad46da920b01a15e89b37d1ac8b46dd0f30e822a033fa38a2da41a,Approved,Approved
0xa15043e864ce9a3c98053f022a22865fc84ac50047fb0bfbaabad2dbf1b81987,Transfer,Transfer
0x67e4e52f7540c3836ddeec58533692657f940725489e5b159fcc8e006253d0a9,Swap,Swap
0xc7fc2e34c8fb7fdb29154e1b38bd163abb0a888a783120cd4c61a1646a5f5905,Transfer,Transfer
0xa82cf61f2eb1e35cf5105955b3d532ff9e6c6d83e531eb7f70552b5d02bf5b11,Swap,Swap
0x288eda54e25c4cfeefadd77959a581660cbffba889695950b983aba573f573e2,Approved,Approved
0xd510874655b1b5b11ea14fb806f775f4ce495a85cae8d5bebc9e8b0e62108492,Transfer,Transfer
0x838b389cb4cf20b00fdff50d74290313850d2ed0b3ebc56a576efae9ea504cbd,Swap,Swap
0x3707e9fc0f4b4a22f742288a63753020461e3bf850d99d6bca710cfd980ab76d,Approved,Approved
0xc98d9a41bd3b0d2c6d7b73843756f1a5ea3f3ff08e3edb94e74cfcca480c2f5b,Approved,Approved
0xd0f1a3254a41825de8835a53f22b632d5e1ebeb2be9f8d8bb39af075740fa497,Swap,Swap
0x574210a0a1b16a7347a1765921e1fa6200abd573b39110ed80cff22e55d428da,Approved,Approved
0x6aaf9a032a52a8aba55002750afc8d864390ca91dfcc787ca84160385f946e50,Swap,Swap
0xdcf30b4123b0d7123182d5b3bd0fc1925e89ae1e7129b52631ad9c0c7dcaa973,Swap,Swap
0x61e9cf7f43514fc304c6e619eaf9cd7577f534e110cdbb5603003db507be4d38,Transfer,Transfer
0xa12ef16a85d36fbf6476f61b21030de6eafa963764d902eb82774a6f4a9153a8,Approved,Approved
0x0e8d0e90529ca909efda3c88b0f04895101b24cf20ea1f690b8791ab819e7aee,Approved,Approved
0xc95bcdd9e198d586571aa5f76dcd96b3551c0a51d2263798c5058f1ae0f9085f,Swap,Swap
0x2aa09143bbab2922f9605018afcc0f771bb420d901972652856cec49eaefab71,Transfer,Transfer
0x77b6da1b172b62801839e46d07260d036fcefbb9cde0596d374a399df7c09681,Transfer,Transfer
0x1e2603d22b2c18bea1488601fcb33479ab53dd0af5ca056065280f3b445570da,Swap,Swap
0x9fab9daf28821a2e582980d9b4b1fb77f4539a177a96d69c2776e7270b01d8e7,Swap,Swap
0x52128f3b34b947585e1c5efc994040615229eb3f4279d87394120afaf0c63d75,Swap,Swap
0x7a41f12e6658c8743b030120def884566ae4c803aa6daa0479b851e3e91291f1,Approved,Approved
0x1196643bbf39c955f6dfa7adda6c9ece56c01a38b1471e8b6489eb0ab1135e47,Transfer,Transfer
0x3811e70aa4c87a453e448b54d8dc7f762999486032cec69ea0691e7f883e43f5,Approved,Approved
0x511e36152f7035bbb912513b6f232a09a7d7d902830fa2675ffbf4bc960890ce,Swap,Swap
0x3ab7603b23209e2f8fe49e29326fa730ba3209049e45cd06de0bf3d7ac17edb4,Swap,Swap
0xc4465c4ecda79ebe01be0b7a716ab3cfb3d9ef2d6e0eda96e51e98ae1eb8760e,Swap,Swap
0x379a7c9bd2a1b577c9dadec5eecdf50da7562c580ed72aa6c1358e08e0e1e20c,Mint,Mint
0xe771a83c754a6378af5fdb47486bbea11c2730e4f2086ddc1cdf58b5a19e2332,Swap,Swap
0x03024e2d58d08b0bf864566183f3aa991eb18b1c14961356b63fb438e419edf4,Swap,Swap
0x18740cf34cd67d09ab57611112d891bbaa749f99f7d6b41586d92a2e0ae546a3,Swap,Swap
0x78a46e0ee02e7038eb95ac1b78a1d3842bc4f24ef09b38e7bf011c6295b8b502,Swap,Swap
0x31af10c4f205a76633f9a374da29fe8872f164abfb38f9a87ac3906429dac474,Mint,Mint
0x1553bebe6c49d2fc926358c0952ee637c04cf8f6770ed4fbe1461eb8fecfdd18,Transfer,Transfer
0x9cab2700fbc3f58aaf196d5862858fe778a85088845aa220785c5bd345827f1d,Swap,Swap
0xebb5bf9338f7452096f6f701a116c21276d2f752901e6dc1df8c397b67b154f7,Swap,Swap
0x91d0094d5abaa68d9639e6438a1d58962c5b7c2bf7841cf37134f1efff87a3ae,Transfer,Mint
0x1c1fc5df8944eac93d6ea34a15464e29c5d6744b95b00824664a0c6b83b31ba0,Swap,Swap
0xd9404c6fdc95696fc9a5b915871f79f2520b1e2490e25ad62cc0891949de679f,Approved,Approved
0x4a61f353eb7c7a3633096800dddb8dc24a9b3af9a51cf04ad63faaf3e1f996b2,Approved,Approved
0x928b5284c8918000edfeb3603c14017a9ae29373084f8ce8237140f37f3ee52d,Transfer,Transfer
0xf2a72346eae068e464695dacaafa018a193508c194a26bc058c798e6023788d2,Swap,Swap
0x88c01f916928b3135fdd7af6abdcffb62774a7a4d7512e4f49b1cb0a2bf94134,Transfer,Transfer
0xc18d83c96715eefe200dd2d633134f3804eb20b0e6ae8af360c39562f733cf90,Approved,Approved
0xf2671e65972a35d1736084b9ba98653efd15de120b275203576fc39e41ae5b72,Swap,Swap
0x987227cc5322c9acea58d4af17d57a0ea8afabd29ca053c591b9f5782ffc97b2,Swap,Swap
0x5320abf24f26a9e0e0ed077c313b1fd3316355ba8683f2ae1006118541fa82a1,Swap,Swap
0x77d91150574c3f702bcf2d1b5b835419bf978d53530a8fd8df5ba8aaf771efc7,Transfer,Transfer
0x92caf4684c6d63757147d8873136d1ff8e0a434efb356e35256a870ac1dd280d,Transfer,Transfer
0x5e893abbcf9bf7c87bd404e0ba9d99adf5efdd157f9956b984e2285f4f348dc1,Swap,Swap
0xeeb3e39ea56a02b5a6cc5cfa36355b201953fad64cd6fe5a94d22243a9d0b8a8,Mint,Mint
0x867079ed0563a36e9e718f31de4910e503af18c25298e54d324060e917d30ca7,Swap,Swap
0x0e6b17fafff8020ca2f49e75bedae7d46b58c2e71fa1cb473f159c49ef144c25,Approved,Approved
0xbef917af1dea95c5a66de3acc3306f662d47b492e9709c05ed06d3f4a23a01f8,Swap,Swap
0x38e998d58a61a190bd46b08e16acea6a32cb74e9d4fd42d8262fd2850e00a834,Swap,Swap
0xe2261084d5bda0b3d3b27969b9ae556b71f76fb4697bf264b196f166fe46ba88,Approved,Approved
0x67181948a7df36c2afa2308af3f7541090724d5bc1d7cc22c11b0957f1c998d3,Swap,Swap
0x673036bba567f3327d515ea176dd18feaf34833e03681c41a4d03148fc8823bb,Swap,Swap
0x639cdda4e02e08298472823cccf1f96b913fc4167733b889dfb4e8d5fb9e0e7c,Transfer,Transfer
0x065af574dae1c03ce19267e5cc699af0e7d77a99a1ed3abdb9e89751a471b922,Swap,Swap
0x5558be7a8589c84fcb5dec2b8771a77b14025cd2f9ab1bd2f3465fb588b72d13,Swap,Swap
0xe74a69d44736dc92f5fd8cb3530eae505771cf1fe2719ff1a4bfdd83eca9bee9,Transfer,Transfer
0x756c693de747abf78b9a50d8f614d6c70e94674570801a1189ced018661ba2a8,Approved,Approved
0x0eb0cad75b7b208cf8d9d8ec2588a60c98b4e3c094f98fe22f608db751464e60,Transfer,Transfer
0xaecf93b8e343c13bf056dedf965668b75da17c1a5b1000460614572d74bfa722,Transfer,Transfer
0x8419c74b937035e3d578da6ef14c4275e57d0ef4ebcc2cce9d584b08703c580a,Swap,Swap
0xe2a46f802340e56e322aafb6999ce6795bfc1a0a79af24a7dca06e43e704ef18,Transfer,Transfer
0xf60d1e990dd42ad1fcde47199d9349534e565d6c91d15433fbb4ddaf894c94f2,Transfer,Transfer
0x8114c64ae44d865d9c42a5f30c2fb43a65d100cc29ab5b5ff9ff282e35db5d4a,Approved,Approved
0xbdc27b15f675feedbc7175e926bc756de1be73465e0d4cd88e7bcb1896798a9d,Approved,Approved
0xfd55b47658216566ed843b1089288cd17df43df571951340ff52b77d336813fe,Approved,Approved
0x10ae0bc437554aff296858e273fc285775a47e78f64c58af0a8e052598d5e426,Approved,Approved
0x8eb0170793baded4ce5edc5460e72d77374cb47f148c3355b1336d0451e70af8,Swap,Swap
0x52ad3bbc4769f4795520cfb140ae2404cd596c3437a552fbb1bc0e2ebb6b68a7,Swap,Swap
0x0fbcaabbec795e9d540aff74931f1959e64104f57cf80143484da675d0af579a,Swap,Swap
0xd213a2f2f997e0c708ac2c66cb3a0c932cc5777f3a38cb633f7499b0da81248e,Transfer,Transfer
0x2023835a8885394bda5ac6d859d3002b898c69aac6ad3355fd7978fb71b96884,Transfer,Transfer
0x12a893f12e7eba0391b260cd716e6f2c86b422dc981ca54bfe078b96a24e25de,Approved,Approved
0x615321cd541c105dd7cf6808168fb8b062b54ba41186ee54b7a76dab9cc8aaf7,Approved,Approved
0x48e2ce3b352d63cec8d907b39aef4d2e229ae84c0729dd0469139288d36b64db,Approved,Approved
0xad4663112ac95b10f32cded6e5b16b88fbfe9a59d5a459d28d1e7122549d3adb,Approved,Approved
0xc3f4332dabfe9827551b5ceecde7f1154e4a9dcbdbabf2a6e9a39441821ea4d5,Swap,Swap
0xf709a8efc1e065bd6bb51ac104cdd6d6d3cd08f700148e15e646b6cf92d2c1ff,Swap,Swap
0x1f9024e926bf4350ab05e30fc6d1b1a552acf7ca386721b96312d220cabc96ff,Mint,Mint
0x70848031200fbafeab7e8555137ae7cf846c2c667b60d451c36b10a8aacb7f1a,Approved,Approved
0xc760851106858c5cd194bdebeb5ae00884680a8808ceaa47e6c8fcae5eb7eb3c,Approved,Approved
0x568968f68593632d4cee7d3e7b6a1015380aca4cbb101a28481742d7ae7d3f92,Transfer,Transfer
0x86e8545e73c7cf832cc8b550e22a6a946d4324f0743ed15f685085ca0421bd23,Swap,Swap
0xabbf4febec6f805fc03af2d8c381785fc7398f7260b8d6288e404a0b4d8c8594,Swap,Swap
0x05aa49dc6814ebf7d5c46c8d6da80dd3d209180846ce9a69f29de7565b5ec968,Transfer,Transfer
0x7efd24394184b195065ec72a81fb9b2da28f35e89e933c7af8d1f510e15740a3,Swap,Swap
0x27dab8af179e7d2ebf3578886b04fa0cdfdaf238249010e8695b0547d11b2f83,Swap,Swap
0xa48c877268c481bc11adb246500f8fbdc3b12b24020b292eb19167866303f982,Swap,Swap
0xf5b15eb2abed104817886aeb954196bdd3be26a9b5b5f777f09b2bb882a80cc4,Transfer,Transfer
0x4f18991af126d65499e812f21125a4367c68040daa802252cc14eaac89adf759,Transfer,Transfer
0xec1d65bc4fb63dda6b9ca8debd29cd793902e55281b8bea0137ea7714d34c219,Swap,Swap
0x17ae8fd89d94573de16f73bdef1eb943677b237d80f993f76d47dfe1fe62cd2c,Swap,Swap
0x4a8da8e3fd2e4afea65826c5d91afa48b1da9194e0085fdb84d39262498e8f15,Swap,Swap
0x01e5a2fd5bd651f208b4d9bbf3d2a586a562f7952fd83d87b4dd340d35422310,Mint,Mint
0xa2cb193ab742988a58ef5af94fca014ef76404543804dbeac275517a68a05800,Approved,Approved
0x7b31c018bbbcc7c4520537f3141dcf30969df44084ee23718b1568cdf45b059d,Swap,Swap
0x048f437467ed5b5d9de5373a5c711acd06a3e72537d826d2dffd55d15b8e5b4e,Transfer,Transfer
0x024628557e28061006e6d5083f5d7cde367fe441978b11e3d89d41f33b819215,Swap,Swap
0x55a3f3cccce0a135184c9c0aa2b3d06ed926ef043f0bfff2727d6f3ffd83752e,Mint,Mint
0x9422f3adc2fef96f0c70c0dc31d319903d0d26278c7326068a58d9eca8bf4994,Swap,Swap
0x86f3d3dd55981723d822853cb17aeda87a0d4b496d0a07405cca0fc9ab56ce7a,Swap,Swap
0x2e0fb4a5bcb3f6c23cb3d0e2afa2a5baf608747749fe96ed7845c6d7957332c0,Swap,Swap
0x617120c857b538299fe303508978963adb66d5bd7666ebd4692d44196bb55179,Swap,Swap
0x72a4931a7dfecb00937e8b2564ec45aba0dfe932528b813907c60a86c2e8ceba,Swap,Swap
0x0860eb3287e5ee9c34e914c33c4d62ea60865a98fbd8b54b519129483e4e4bcc,Swap,Swap
0x7a39054ebc72d7c35f3ce1999885e649a69ab1ccd2d1731b515d25b3761f2899,Transfer,Transfer
0xddc96d68e0814c6c23299b852efd5deb2f77104ebd5dfaeef99d20a1a6c6ebf7,Swap,Swap
0xa76d0fa0f4f15abffd398064140f92beed385852e32c6e1be63e68db24384bbd,Approved,Approved
0x970a7f0b33330f429e23c7c28152dc9a4e67e73f67f6aa4b72275c2b04e5160d,Swap,Swap
0xcb076649fb8511077ab5bd071a0056746cd098e9e325042455325b137c851783,Swap,Swap
0xb020c3c093b4a865f01aab30d4dc93ad7486febccbdf270de3acf91c98a3bc04,Swap,Swap
0xffc09cd5412ea6453bf7bd97e3a84878868ae2dbd61edc8bc0d43d64a87b0d98,Swap,Swap
0x760853a3684d02182fc25cf1f5316f6e6f38fb7e40b2ff793ef53f58d01af50e,Swap,Swap
0xd9de4f19e09b5bed77a2dc0bb82ec513cd8522dac16039f793af469e195f5a27,Swap,Swap
0xe16b732f22a594b3220132b6fccab52a18783a01728bb86f0e84921761883c77,Swap,Swap
0x7c291e10fddbf8f36dacb04d445443f707909e492b91482f4b17ebf899efdd76,Swap,Swap
0x3c6aa1e88436c7d61d006100566f7341f853cb269155f3923fe3602689f92f50,Swap,Swap
0xbd2e599824e5b270f718e70314dfedc930d80df4374aebb60e25eeb4d28919bf,Approved,Approved
0xd86db2c2349e7e37b18a08d90b23c591af0c4b015c452185a660adf6d114b6f7,Approved,Approved
0x4c5251dcd5362f3202e0202bcc72107eef4130b2591a32fa50d1621bc5124b78,Transfer,Transfer
0x9b74bb0683830eb40f1a68587d0e07616a6014b29b964d16dfd1bde6e7de26be,Transfer,Transfer
0x273a8fc4866c2342bcde28397bd00697f8ecdf9d881bd1cde8185b791517b299,Transfer,Transfer
0xca60964c610ccc04c1dd10786866ae0395d1a81391f2426394912b799e3e0689,Swap,Swap
0x89bae383b455ef8b4c7cf10d7fef88fae2b9ba4b6850abd5c93daa2910e3e186,Transfer,Transfer
0xd42973907b6f2b083bb16fe267be337ad66162c8089e4d72febe87b393ed2462,Transfer,Transfer
0xe239df20d674283a5f529c146c25fe2bf5d085b722b1b7891b2754b2dccac950,Swap,Swap
0x6587551f27a940a65cf2d88c1a952af9e3e162c8c849992e95f07a74e6c250e5,Approved,Approved
0x9c7839bfe0cef1669810ab5a243b97069278b6bb0e201d3472d868c6ada56cb4,Transfer,Transfer
0x851fbbb86c231ffab75f701526d2aaaa9b64280f465db15445e989dd88f2efc1,Approved,Approved
0x0282fdf8cbef81ab1d523f3ed36075d6377afda811725f3c2f0ad5ac61af55c5,Swap,Swap
0x1f14fc6ddf5d34fb4623e015d17ea9de69551a93fe29a0151d48eaf61561f697,Transfer,Transfer
0xc8e59334d161a782ae913e4f06683e3a77b56cb4e7e9af0e140a6cb284ba0352,Swap,Swap
0x6d8b36fc5611907e543b0f61d3c48fa67c6250db71d5a475cb9439fd26a24906,Swap,Swap
0x0204c2d4b499013a7acbd4a22c5f36a68755fcefb5bd464bfc618a001dab2300,Approved,Approved
0xe178374746840714a31d652e2f28e2e2e873e0acd74fd922ff25e792c1162537,Transfer,Mint
0x800919fa6a2d2eb3c56b866643a9679d1ea52279f007419cfbd7f962769be8cf,Swap,Swap
0xfb326e5cb58224ac8a9a470fedc1d4d64ba304a5e2bf28caa659bb6205ebea93,Swap,Swap
0xe84c6afa907b0fb2e44bbf37682ff45a340e703a6707bae2cf2c85955e3998af,Swap,Swap
0xae901823da7035d19d85990dae03e9ffba2366a9cf694b963ee688771bd8c6a0,Approved,Approved
0x48d4b6288aa8787a4fb7bd3dddbd4a8065bc8f1c78fc5ec0d216ffec2c4d58e9,Swap,Swap
0xcf06a818a676370b5e0f627c29d86cd5f74805a1e58b36dad5a9226ec1986e24,Transfer,Transfer
0x83e85e8ecceb91ed0d5c0a92fde711824c3f9dae673283aa424ce684bc39596b,Transfer,Transfer
0x0bb19eb05563898db003621a2ea594c1e42f4c8891819b6bd4e87c7c3572e579,Swap,Swap
0x1038c53aee393933172d999522927f45382b7901dea940f3676c66ba7c45a770,Transfer,Transfer
0xe392faa31429b655976c148357111f7aecfa69ca3032703282bfe8a7680bfc1d,Transfer,Mint
0x8c3a0d8ccd5297e0d683586f04a49c8d44c001548787bbb0fc9a08ff97b399ec,Transfer,Transfer
0x3ba2cd97b3386564997db25ee046612f1dcbd548f17029abec73f8c6be4e3310,Swap,Swap
0x2d7ba66f1ab61d89bfaef8b7053141906c395848a7f95095f9eb6cc8a75e2d11,Transfer,Mint
0xdb67bfc6df7d9e192c05e91ac41c36be610374b6032ce4d27ce30f0aded13862,Swap,Swap
0x5c74d192a500658cc4e660153101a14c7a4dad373ae814e6824b9a5bbeb1a06f,Swap,Mint
0x7d1fa96d65ff0fce9560bb8992e7896136c22957f34d0f89a8f2d4e776e4c897,Transfer,Transfer
0xe78e63f0a474619b5c55703a9fedf6f6a878bfc5b46066067dd2b9bd1e9794e3,Approved,Approved
0xdee714be1b8b0094c225abdbed0936b464d5e3d3f5da7f8e7cfc16562e0b0eb8,Transfer,Transfer
0xf0e67ab612cb49e3334ea7a7e92e79793172fa30b7c09d255025735ab302c602,Approved,Approved
0x1cff4d3e1a06be34183f0a70a10e83c2a24cee6380332831b0c71d80685faa7b,Swap,Swap
0x45882ea5486e2a0760c972c5a7917269b26dfe2e44cb5ca156b36a66616fa8a2,Approved,Approved
0xcac0e2ccc18df17fe5db6817e1896c14e18d2913de4ae0c15083539adbff5773,Approved,Approved
0xcaccf36bf40b23b4cb53218ed83839fa0e0fe17e864214b99de734352a4ff516,Swap,Swap
0x58f2ba3d1e4daaeff1c816dadb286365f0dbbd68b3856c51fb0c831185f03a5e,Swap,Swap
0xfea808dbb8a31a77ede3be2611def806df8d00de8b775e95ac8f5dd9e09c26fa,Swap,Swap
0x6d30a11b41fbbff629a5b2df7207bcdce3eca72b8f0ff104809786229243d479,Transfer,Transfer
0xa4cde034bd25f18d354c54dccc9d6365dc1199856e256ad8b194aaa9bef742f3,Transfer,Transfer
0xa5fd261c13f0ab7267894359a41b98dd9d2c6c078871ed1e4f9f937ea66eb941,Transfer,Transfer
0x1448add7f95e03c93dabb6cb5a16f032dc406d3f97b0dd451e5ecba652f8ae40,Transfer,Transfer
0x79d70f03425c4031e5a0dd46393350b189f32f36474631f835ec408ac5c06c77,Transfer,Transfer
0xd3988858b6a28d81f03bab36b15b20cfa23ef9fd8e9cc7a3930a8ad5070ca99d,Swap,Swap
0x7199883f95935dec748a76c017be02fa31d5109116b7cc5d4316a8e484b08ca4,Transfer,Transfer
0xbce56665d08f85a9a5d93fc82044a5cc54fdf8a5d51758f2152de794cf75ca0a,Approved,Approved
0x8c43b0d20bfc89410d3e0daed2de3cc654df46686bebf6533bbb91dba6b51aa6,Swap,Swap
0x0cbf1b1950b31bc98c5c36442bc294dd9f36280fa0b146c3653746de3fc88ab4,Swap,Swap
0x9187ccc1ab3ef056a1f298efbbda9915e6f67dbca6268405dde31b28a81a89ba,Transfer,Transfer
0x55dd984febf7ea484484ae81eac90d354004d74c450c4dea6bb04d58c566145c,Swap,Swap
0x11240a0d30197bbdc350bcf6f74d4aa2970014114370856d0b51d2954fbe2fd5,Swap,Swap
0xada2af66750836c1ce6cb50ec46e279c85d572f80c359ae621ac93c5c9718501,Transfer,Transfer
0x087e5b631bb5713ed1ba1d6d43392c3418ab8359acaca056b0c23376e75457a2,Transfer,Transfer
0xf990ff097301217c2b56d922a3a59cc257fe5574b0ddc1c6cedd838bba150190,Approved,Approved
0x0966feefa47a6494ae022943ba9936cd8f703eea8c26a5506f175d7f087a6eee,Swap,Swap
0xde12112036ca18d8a694716b15c992515b6200859440aff42537f67251e49bf2,Swap,Swap
0x8e2282a83410a8745bee4e56d67874d437fc821921c7882aed7083f50d3c90a8,Swap,Swap
0x854234ec71e647a4265799933e61568e7db35dd312a4f05f03a31ea1ff8e2cfc,Transfer,Transfer
0x272539b9fe11ef7d04e8c6d550ee77b27ce630ab64a178b8cadfa90036ce7451,Swap,Swap
0x09ce787847e9c82c78a93033fc59aaaa1ec75bc0baf184d9bc105295d88603e4,Approved,Approved
0x12d47ee51ec909ca851585f2122a0e186786f2ab3c5b5bfdd5ba5d357c8c0bab,Approved,Approved
0xc819c2e5875453d171eb7ced072ac7e7d3d67e414842f194136bc9fc610dc5f6,Transfer,Transfer
0x1286fe9ca6687801f82bf8fd0b74e5726bd0ad9ba16043d70c5b1ebb087c6005,Swap,Swap
0xf49249083f13012360aec5ecbc45b9aafa87c2ae5ed78dee9333865fb2abc4c1,Transfer,Transfer
0xfb6a61fd22363512db1aacb1d869a1291990373e7718ac1c9213e9d599c2346e,Swap,Swap
0x9cabfd9fa9da96c844059e12c6524b26c4e2b846e74d4fd30edd5b75b0288e52,Transfer,Transfer
0x92db73c291e09cf47fa51dea585340473599cbffc7fb49aeb437a7880d9b22d7,Swap,Swap
0x35797e083e331337dc4068b48d1ab124ed908d45c3076c517502cea27e61797e,Swap,Swap
0x216366bb4b645e353dba216c8ac001956663d16c3f1d8ff1457e56cd2c2643b3,Approved,Approved
0x8d24205e718d4356d963774a412fd4fbd8083fd145f47c4ae6e4a4a37fe7e7b4,Transfer,Transfer
0xbfe0c9303a5621fb544ec1ac76879693b233035ae0f94d72c019d47a3fb0ddb8,Transfer,Transfer
0x8cc37de0a6f2a5c2bf8ff2048529a9b1a6788e68b48fddd02dee05d3e93110fe,Transfer,Transfer
0xb4d0eaa5fe440a38aa2799a209d8f22cb2d0c916e8a73f21457e58715c876888,Approved,Approved
0x24fc55b0721415a2a3273c3e35066a9c2c661f096503b89883ebf534190f347b,Mint,Mint
0xe959c28f8c086dcff22c5d7051011cf89af7163d4623156cd09f026503a7e253,Transfer,Transfer
0x13979516fd551550389fff26c7b256cc43b130f5a3b31449c29c504321adf1ad,Approved,Approved
0xd1533ae67c89e00c94ddd7003b194603d72b600d18347a1a48f8268124544b05,Approved,Approved
0x92208ed2b0ec90bd9a8cafeba100bc86d9c956e75f265aae31e37fc97972cd1c,Approved,Approved
0x73aba9821e01b86cc6b13868df83162aa9802a7df53f7cd59fa862a040413089,Swap,Swap
0x0588dabb5d556bbf226d3272dc417cb46517889e688e786f120ee492096a3254,Transfer,Transfer
0x8c5057f9b74a4fa959562687a5bcdabf165ea9cbef4d97bdde2701aab25eb5b1,Transfer,Transfer
0x911f80194927a9212824f93939f96cc6cb82ff54db8f1bd8ab6af020d092ca79,Approved,Approved
0x0515ba295a4fc6c6babd786764cf9edf3ddbb4d34325dae0616a2fceb09b18c2,Transfer,Transfer
0x570e4752bb0f302f1e397df6083d4c46d519c4ac76402846f4b33454856a232c,Swap,Swap
0x10480e4a8a252bebe9b22ca25f0766b6bd550b7a770ab5f3a515e211c72737e4,Swap,Swap
0x376ac46da5714872667ce0e7d6046ad2f9149c31fb43ca268867532face66185,Transfer,Transfer
0x2639aa1f8f4512ba7ff612ae44a0778c8d7b4ba51611cc881bdde4bd822fb02f,Approved,Approved
0x81afd6b068be00cfa8124e88502b5a2f2eb3e32be97f7b6f23dc761c06757639,Swap,Swap
0x635dd0a6f4127915a99ddc1b8a1a2a26775103d90983c01ffec3a411db8913b0,Swap,Swap
0x02562d8dc0768d820cb2fa8f8f1597be55c17ba6465c88948a9d568b9e0ab5d2,Swap,Swap
0x59a89840341b7dc4c2ba4f72fc37974b54a0dc42c6230086d0cab15998f227f2,Swap,Swap
0x1709575afe07474ccb9778d60236a432806d7493fa93ca728354c2bb700d6ebe,Transfer,Transfer
0x6489f958e54ffa0e7673881dcc17f7dd406ba965246fe89a19548c8b9f811675,Transfer,Transfer
0x313ab3a7b2c86120f5c8a1b7f8e777fc89d56bb48b2d22d4837d6479033c8e2d,Swap,Swap
0xb1874ee9337aae7846bdcc80758a14eead85e48082353bff5eebc0d9e7da4037,Transfer,Transfer
0x104d323ddd204336ce42bd18d58e0c084a7097b9f119ca17e21524592fc5d2c3,Swap,Swap
0x4e732f3cdcd5bdb21a921334e81391a42caa75db47819679a5cdebf5d5fe75dc,Transfer,Transfer
0x12a34e6a8b4187fd0ca449f681c1b2a5e9f5ec3d07c6200753319f7c6affc60d,Swap,Swap
0x53e253a9c55159bcf91b3bd9fe709d933dd4f238b351186b5211844f7a953927,Swap,Swap
0x23a8354ac772349127add8ee550f5707a41429637f789c368bbed0b8acf88cdd,Transfer,Transfer
0xa268539f676e344be41de66882922502513ebec726655a5f2083171766a20b56,Transfer,Transfer
0x68af32d390adcb4957f14e8b50350f141efa56e0f2577a0aae931528e0e94249,Transfer,Transfer
0xf87c6dd7f1eb1edf5771e2056bfc970bdab110be4675f9b3f9d646b90206f12d,Swap,Swap
0x2e15cd1c964c73cfed213ae6e81a9220664460cd8b2034dd808f6d873fa41a8f,Approved,Approved
0xb232422a979d3b1d01cc92189e6ca5bf04a83b78dd11c4a13031de1e5edcdb23,Swap,Swap
0xa452cb86a2f21c29a5127cfda7b1447b4c209468dd4f67296bc4ff04b5dccac3,Transfer,Transfer
0x5da77e80b16d138e0b5188699ba70bdf418f0bfe426674ee6eef9ed85124b890,Swap,Swap
0xa753804f1dc26b33f7c092cb6b68f61942761b918f7d6b7e2c22761087e83052,Approved,Approved
0x0ad1d70c41e165d6efc5302aecf0852a69416e8e50fedbb68d3ffc2b59a52d82,Swap,Swap
0xb77d1fa1073a21a8008bbdc1938e62326535828aa27064a9863b98bb532b4cb1,Approved,Approved
0xfaa5857a0db2038f02a1fa44489d19172a21e0086458df5d0fbd6051a82ba380,Transfer,Transfer
0xf035de3fb46797e31a55ded4c8b760fd28ad1064e99fe7eb2dc888df90d9ef7a,Swap,Swap
0x3c3118456f0e33787fa1c08f89170c3db712301590833ae415b9833d7beb5a4c,Approved,Approved
0xbf4593c2a3775fef7cbf496271c88dc26b3f8e64c331c9ca9bf3ad7a18d4e189,Transfer,Transfer
0xf794fdb5d321470d16a60c2041be9f5f1fa43248632027168ad0114fedc7a52e,Approved,Approved
0xc5bdff74b3a80eec674509dfea52cc9be986681cc540dea0fb2f588ca2307741,Swap,Swap
0x19ca159bf5bb2c414c3924b9f726b766f971d20fe8736d8a73d4362e7671d46e,Transfer,Transfer
0x218c321ebfa66fc9b3de76d892bceb36f8df2fa6d1e010b03ec9c355ae3ea71c,Swap,Swap
0x550d1627f75388a63933930968e33d262bf932868133d9c02acee81a556736f4,Swap,Swap
0x5da155790ee2a9eaea6ea3b89534ddea45f031608fbe359827917bb8757369c0,Swap,Swap
0x71b06e3f36cca75bdc1c6822494dcde97d979f1d9c499bf210133d2644eaf9f0,Transfer,Transfer
0xf8c96e1d9628b1acfd94119bbcbe241af38b75b870f8f8ed0d6e0ad7e49720a4,Transfer,Transfer
0x6024bd8f88a4c5650aa5c421a2e9ad1e63e93a51d8cc369e5b2d02fec8b03216,Swap,Swap
0xe33cb1cb9bbcccf419f0b3b4560e53c9e13822172678ee852caf4c93d5f93385,Transfer,Transfer
0x4e5d3a63f27706ceb65be70a3c723b846cf414485d31b83c850bb5b47aa3568b,Approved,Approved
0xa7ff586a45649350f8b55c1dcfd53e33108a72baf63064657cf53c7d019622b0,Approved,Approved
0x42afda85b5a0d92c4272b525ddf630acd3ec09cd6e9bcb886f03398983bd3ced,Transfer,Transfer
0x655ea3447613bdeb6d6e5a88ef6d135966c3653ba304d682f84a4c43841df102,Approved,Approved
0x55965138ff0a7b0316275b77ba4006d5c427c1514e2f7cbb623da44c1cf500c0,Swap,Swap
0xa268539f676e344be41de66882922502513ebec726655a5f2083171766a20b56,Transfer,Transfer
0x12dba3932bd8ac8fc3065535b2bc035e4cd8d8f95639a0d6eed3f21cee4699bb,Swap,Swap
0x92ea13a7a1843c7bcb9d3b4a845fa35d49e9587167f47424fd000d5d1c529190,Transfer,Transfer
0xa9dbd4428440eac804a1fa8ad5f3fda8c9961da198aab4e9cbcf64bd64213ead,Approved,Approved
0x419b599816c9dc787d1f3c3bae46918a4359da99ade3f084de232d6f27e0f325,Transfer,Transfer
0x163e7a7f14328cae99476701227fc992e52f9dcece5b4ed3d82817053b0cb3a9,Swap,Swap
0x3f662e9696695cfbff223a00818a79008f124886a92f1eca0a2dac5e1989f5ca,Swap,Swap
0xb037a22bb865a009813380dfbb38b777c3f8964b8605706bf0bfc36bf6e2dad4,Transfer,Transfer
0xb0a5735a757003448042897ec3114278b4a8d063085267bb0589fdadcc98944c,Approved,Approved
0x85264facfdf7fd45bc4956122c6c7b1d3b0c281c57f3a49336ef5399fd177f0e,Transfer,Transfer
0x014c75ccdbc859b9a6c23ad18d88e187e0c5d62519dba680dbe3acd527c0abfc,Transfer,Transfer
0x5dd7fe6be15ebb876445dfc3c4b9ff0aba00b15b9af41a177af9c7ad169344ab,Swap,Swap
0xc4e8a569c0a71bd1e45b5409f1725f7802cf361d2cd14aa375809ff8ab6553e7,Swap,Swap
0x1e82ed6684edee53779aa89f98593b637e4eba60a99944b99ae5df384545aaca,Swap,Swap
0xa51d4fd0499c1eba9e20e80d73820e9c6672413956fdc2c3f2417f2930b30e72,Transfer,Transfer
0x54db2f60260855ead311d8ef38a92ce8ff402346fbfc5b6c5f8cf06c8fa9e5a7,Approved,Approved
0x55876ec10a915b3f7f132cde6a94410b28aff4deeaeca5b4d50c4ef5f27c8e3f,Approved,Approved
0xcf29b90cbcbf4224532b890241889f3d03c4e5f23f7425d88862123b047558b3,Approved,Approved
0x1bece47f085e66f05e1347fcf22951c06fbcf9be275dd19d57d0b00b61da8632,Swap,Swap
0xc6e029f1ab743633594f3155a0e5bf64ce42782907d2ec647b0569a0f4550fff,Approved,Approved
0x478621d476aa45a40a9a597328a9994d17cf53a6f2d33ba78b3b43e9ed33dd96,Transfer,Transfer
0xb230129473d3e46d8f43a506e6c476106921a14f97e196cb7f4cc016f5d3b616,Transfer,Swap
0xb1e3540f1f13cbf05f4e5a37f6c458018f0858083bd59fadf73994630077d6e0,Swap,Swap
0xb86d0ff20fcc8b5aca74f04cedeec2356d01cae5e6d3ea79ff0c20ddaf08a616,Transfer,Transfer
0x8eb7a53bb012d85fd7391a57a05350e7e11ff2cab56d36dfa04c84b45c8f2470,Transfer,Transfer
0xdabe255c96b182acf8cca2710a3ce6b18d47f533bd822abdd92fe150f3bbed20,Approved,Approved
0x28a995e3e8990aa11febdc62f009f026386269d6d46d51b019a46f71402b11a1,Swap,Swap
0x61018597ae07e6a1df6204f6940b08abd451753ae313110c92f1e6718433523f,Transfer,Transfer
0x35abd661ff655137c510a9d89415911dd587f16f3a95551a98d9466cc4ee6fbb,Approved,Approved
0xff0ee0580dad0caf7441a1f399fb8c204b4aac045cce80f697b1f2e036a07729,Mint,Mint
0x1faccfb38798fdfc6d138461d146c87cdb093f00cc67ed6507335dff6949a9bd,Swap,Swap
0x9cd939134514fa684fc8dd1c098bb5efceb9d2d94b1e7375e18393c9b4ede81c,Approved,Approved
0x84d3de91588824b98de4de44a60bddf408edd14d1e68458dbbe068c6e8b471e6,Swap,Swap
0x3db7092cb27fea58726ede7af2c4d0a03c6b339a46c4a2dbd2a52eb1628a2f68,Transfer,Transfer
0x6435d5fb00f0a26c8cd0a53b954e5867890b4ca4823879db6f539224140b87c7,Approved,Approved
0x5a86c6b59315b57ef52cd3150d9a9481fa603349ea7e06b8ba1c6639a60ab57c,Mint,Mint
0x6d18f57c8bbdfd79242b5bf0b7bfe51ae69deebb67100e843fe5051df4b55856,Swap,Swap
0x92819d57dcb2a02c9573bdb3cc5c4f65c26e046d3e32c1a4aaf06f2e7af164d7,Approved,Approved
0xd9de4f19e09b5bed77a2dc0bb82ec513cd8522dac16039f793af469e195f5a27,Swap,Swap
0xaf9b6a07cd6952504ea72eb11c1830b89f74ff9f9a3da3817da8c4478aeb238f,Approved,Approved
0x7722676a1c1bb429a0c71b412b5afac657eb778d469663131aed289face85ab5,Transfer,Transfer
0x896d31c46aa0f2cf1a668e165acd3b4981b6176d6bb7596a4647e726a0e487e4,Swap,Swap
0x2c36fc12171f2d84c2251b13bd445e26fc63e4f4cd1129f2769d4ccdff098a0a,Swap,Swap
0x17baabfc030e2543e7f37948019235cb0d16a0431242d1cc8b2e554c66d632d4,Transfer,Transfer
0xb4c6ba7577a918ab5601a86699cf8992444127dbd16a53c56898183707c3e590,Approved,Approved
0x3dda6348c3810d541c5f1c739e8412107556cc5b8fb54429310129463985b9d5,Transfer,Transfer
0xc91e401b8b92a13fb3674479d9b6ae246b99860e95e5e03a3c6d895b8caad5e4,Transfer,Transfer
0x9f38c66fef248f9671275b4792043ae63c70093483564a114236339a9105155d,Approved,Approved
0xafdfe1495ae1ef9bcd7c5abebcc04deaa000c0ffb54d7ac78dbedaf9387b048f,Approved,Approved
0xfc8eca445ee7f268e49c675eb0be368902bedeb18f2f4ce1c02efa6553c24146,Transfer,Transfer
0xa0a546312230cc2d89ddc62775ec4ef683397dfa1ac4d02c60f1a4c709e29989,Swap,Swap
0x56ed003e54f751bfdea36c150b04cb096f5481133fe1580505f604969111bcc8,Approved,Approved
0x21daf73f5354f37799783f974f2d33dbd340dbb5f49292656c0e9fda9833f63f,Transfer,Transfer
0xde65d4d045ff8c90c11d28769d5a575a690af92ae6e41dbbbefc56f167b1b8c9,Swap,Swap
0xfaa5857a0db2038f02a1fa44489d19172a21e0086458df5d0fbd6051a82ba380,Transfer,Transfer
0x46447c9be6dfe2109f4f86ce5b888eba3d40647637dad8c0a044b6396f539074,Swap,Swap
0x8ca2b65f6ba460e3e0de00f2ebbfdd33b55c15bc37ebcd45dd2a56781f801ab9,Swap,Swap
0x0bbdaaba826f7dca1c1fd1a233e25b5d258541b5ad271f76d0ad840a0bef5eef,Transfer,Transfer
0xd90f937105077d3122bc037565f0287bd2a730f4c60c3ee29d31def177cf5baa,Transfer,Transfer
0x2353923bbae6d39fc68a31d88cd9b30124db743c9d36c4011496d3cc6c16b0ba,Swap,Swap
0xd70307ab6be0182e90a5d105869e7181fd9f82fec9e64a06a134fedc49f65a0d,Transfer,Transfer
0x34fc51077ef0882f2f2376e89b06e4445ca07a09b30db968527fc00bd4739936,Transfer,Transfer
0xa8306df38d63f989732c9166c424468e9d4ab923470f65d9783faa73fd89d564,Transfer,Transfer
0x7ce2473ad7bde50b4a5a8cd4ecb41eed3fb71c5737495d15c3999e04f6bc5a98,Transfer,Transfer
0x10b2c8f52a95e9394d567a105b570c4096deec1e4255bae744c9918505be3aaf,Transfer,Transfer
0x13a6bd5df292d1ef3038376121129d10cb4bbd0f506322b432209a433e73f6af,Swap,Swap
0xdf9de2ea5f4169ee1c704f6ba468a46ff562646500e74f9f5b0c0ca02870fa0a,Swap,Swap
0x9add444fdaa970343bc7a9a60df6a4d8637318ddb4ee12321baadc45fbcb8f31,Transfer,Transfer
0x0bb087d823ce45cc28107e8893bae452688796ea7533dbec588b0c39e5b8e60a,Swap,Swap
0xb81a314ff4aaf24e83d753969a0238bbd0ec1df3e1478417569ad7f841707e3f,Approved,Approved
0x1422abbc5c3ac71f1c0f644bb35e6c26110eb27f7cb17a1b85452f45b02feabb,Approved,Approved
0xdff5b668bb172534a74511f007769c5247dcabbbd7841cfadbb463158a315d0f,Swap,Swap
0x7c5616fab5c29ca91e452504debe179a372d875306655a8fc87ecb9e896f9014,Swap,Swap
0x67f421638fc68b6685f85ae7f37afb20878e58d8cd8724418b0ebf70eab16567,Transfer,Transfer
0x8649449e86ee097927a4284c7410fb2e95efcf3f77d9d396005d4eec36657959,Transfer,Transfer
0x71488dd40949021a1380ab5969ab278c1364a32151b780a0586b78e89878b307,Approved,Approved
0xb858b8c563a442eb0113e4b7043aa18117696f7476c6feb10c683eef74292d93,Transfer,Transfer
0x31ae4b66ef9657746760e864128267ff4950ea2230b0a29a963d2ac0642be786,Transfer,Transfer
0xd5f3524961515aabb0447408d2d19601f14d92487e465bd2e6f83e901aca6a24,Transfer,Transfer
0xacd535b43968c8361c3238d94051b3c70b22846a1a5d2668cb42f89d4c7ab463,Approved,Approved
0x5c9509dd417d495bcf47e1786ff5b67d7b65cd97bc501d16fe0c3ab0ae3e642b,Transfer,Transfer
0xd1211212f22963dd68ff4c93941836c7405f4b5fd601caa03519e2a525968bb2,Approved,Approved
0xc9c86c9b22858d9f0ec0ee625800bd7b05d873e3306399cdceaad7339b3e02d6,Approved,Approved
0x2aafbc6a3872030c9a799606521e72cfd98b37e0419716dc6307a234c210c478,Transfer,Transfer
0xaea1466bb199304b3ed449fc79d1a5daaf3dfc4e74d36c3ca87c7c91f8624ede,Swap,Swap
0xdeb3f8acd78ad3ae399d6f3cc94f4d081f0ba0c6646b0040c942fe0814dd112c,Swap,Swap
0xfce115583af8dff13b206251ab6eba638faf68da77dd11654ef3586ace9b114a,Transfer,Transfer
0x21269ba5c5c19e802e270432ffe0ce48d0d00fb8cbca9e5a07bd7d39b09f8986,Swap,Swap
0x3cec50896e6317a89e2d26997bc00542c9fa9055a9be2ca9b9aa8f83d9ca909a,Swap,Swap
0x53e0f86db25f10db6b98a9f9fd05c9605609bc89e53d1bf1d46471bbb634f2fc,Transfer,Transfer
0x2b09be1e9d71425092c9812dd335305d0a8c6f97e4854e550cc764a3bd399f27,Transfer,Transfer
0x02a1bda4b070bcbc218f3d6e2b078081b2b9e1eaa33e20191c45eddeee11e0d5,Approved,Approved
0x1324cb016d6725d5a2f25b6815cde53b075990711c8e8bf62d6e1def5b187bac,Approved,Approved
0x0f03e577d478c2524877d8c04c0bf37053cccc9f72da3f527ac7ade206b34b35,Swap,Swap
0x80dcf84f30b122ce86b9ad9b7798542d6a0f5eaf25f608531182c4ecdf89eada,Approved,Approved
0x94f8af72f89f2645bfa226cd63ae115ba9219ccb567cec1fc58647ef9330ba9d,Approved,Approved
0x82f918f7e62d5c3b9904236e474e5e538881136b7bc21e39fab8f95f35780d08,Transfer,Transfer
0xabdca7d9ea179011971997d684f5a0d66b7704715ccb1e39ab00e1ee0dcc6aec,Transfer,Transfer
0x7fda4b0768d64e6986885646f39a0753fbbdfea756afea805cb937256ef158e9,Transfer,Transfer
0x22652e884af6bb367ed9bd4ce764f14d15f7640fd12b203fd1bef43bf46bd1a8,Swap,Swap
0xff0dfdc4d6a1f4aa5c785a4cf83ff8b90480dc1734771e10ea1a30256816ed88,Transfer,Transfer
0x8318b89a078c16f189517d2c2e31222f421a571bc33552b69a9de7e3198daaf2,Approved,Approved
0xe33cb1cb9bbcccf419f0b3b4560e53c9e13822172678ee852caf4c93d5f93385,Transfer,Transfer
0x7b23c561cfba95c35a97ff4e123b11436fd77579e1af4bc09599a96be90e57ba,Swap,Swap
0x51b92f6b27378c4eb87f9a50014b1dc0e158f812d42aebb7898496c5c64fdae9,Transfer,Transfer
0xb26c826bf7a94a6dd755d1ce4710435a2b0514f8279bcb920459d0adf442c35e,Transfer,Transfer
0xe7f7747429944f5dc4063e6574504a0aea28453efbd23bbbba6327bd30bca6fd,Approved,Approved
0x9a39e0ba785e1e1c13f200df8d073e333bd42f619ca42e60b6927fbfd1f4babb,Swap,Swap