"0xe1a4a4610c91ad489bf29a1d82e35a6d62090043380992f28d7bfad4f6d7017d","Mint 10 of 0xb1ea7ee46dfb5929e703921c2bacee9af116694d","Mint 1 of 0xb1ea7ee46dfb5929e703921c2bacee9af116694d"
"0x75f109435ac8573c4123fd492848899e53e6cf3e528b4ed74954405a6417a4da","Swap 0.0992 Ether For 779.389499914986403541 0x48c87cdacb6bb6bf6e5cd85d8ee5c847084c7410 On Uniswap V3","Swap 0.0992 Ether For 88,857,425.2290738734129429030909803440960929096060807909004099453603096011970191013040306030406090609599633845264030204040296030562644404605504382904090636387446018463056264440460550438290409063638744601846305626444046055043829040906363"
"0x51f57e80840ddc2cacbdde91e97d0ea198cf7a09adbd65efde802dc31bb157b2","Mint 1 of 0x0000000000664ceffed39244a8312bd895470803","Mint 1 of 0x0000000000664ceffed39244a8312bd895470803"
"0x0e747dfec73acaed61dc708d957b9a0a1759cf70b39a4cda30c165e0167640e7","Mint 1 of 0xdb74014331c8ffa8a29008cd4e16671da1fe2d22","Mint 1 of 0xdb74014331c8ff8a29008cd4e16671da1fe2d22"
"0xc8145198755a67423d83c9bc0c466f21ed0e5623bdcca646c09723309719f412","Transfer 873.86 0xdac17f958d2ee523a2206206994597c13d831ec7 To 0x55e37fe8e8b376591789fb9a4255f30dcad3b71f","Transfer 873.86 0xdac17f958d2ee523a2206206994597c13d831ec7 To 0x55e37fe8e8b376591789fb9a4255f30dcad3b71f"
"0x62722823e80f252e71d68da3e791895916be587a543b7738d3ef4c494bafa8a1","Mint 1 of 0x349a12d23ab5dae17618f006951aaa0094d9d247","Mint 1 of 0x349a12d23ab5dae17618f006951aaa0094d9d247"
"0xa3ae7ce829133d453f94b614e53def11b6cced81e5d9704dca06c0714be6fd05","Mint 1 of 0xffffffffb9059a7285849bafddf324e2c308c164","Mint 1 of 0xffffffffb9059a7285849bafddf324e2c308c164"
"0x21269ba5c5c19e802e270432ffe0ce48d0d00fb8cbca9e5a07bd7d39b09f8986","Swap 231,648.314895407484239872 0x5eca7b975e34567d9460fa613013a7a6993ad185 For 0.60454518696968192 Ether On Uniswap V2","Swap 23,164,8.314895407484239872 Ether For 0.60454518696968192 0xc02aaa39b223fe8d0a0e5c4f27ead9083c756cc2 On Uniswap V2"
"0x4d96b8c60a30a945907db99539417af7b781c5ebd01e952465904ef5d32856e8","Approved 0xc02aaa39b223fe8d0a0e5c4f27ead9083c756cc2 For Trade On 0x000000000022d473030f116ddee9f6b43ac78ba3","Approved 0xc02aaa39b223fe8d0a0e5c4f27ead9083c756cc2 For Trade On 0x000000000022d473030f116ddee9f6b43ac78ba3"
"0x82a8068f08dd8039fd15929e8312a8d4192427dbfceec3d23639232a657e4534","Approved 0xabc11db88ee6c29b67dbe893783f843fae417b34 For Trade On 0x000000000022d473030f116ddee9f6b43ac78ba3","Approved 0xabc11db88ee6c29b67dbe893783f843fae417b34 For Trade On 0x000000000022d473030f116ddee9f6b43ac78ba3"
"0xcd55fdf1318ed38f2cdf0dce2a3ab152ef058be23edbdbbee3775c5cf9aec762","Mint 1 of 0x0000000000664ceffed39244a8312bd895470803","Mint 1 of 0x0000000000664ceffed39244a8312bd895470803"
"0x28aa66f67e6908c0dc8ca4618f9fe2cc7ca8fb3253c02b9e24dbc5ce13f774d3","Approved 0xe89ec350cb102c65f9aa30a5f6cc86d1824a3f9c For Trade On 0x000000000022d473030f116ddee9f6b43ac78ba3","Approved 0xe89ec350cb102c65f9aa30a5f6cc86d1824a3f9c For Trade On 0x000000000022d473030f116ddee9f6b43ac78ba3"
"0x047c51bcb6679654ddc86111530551ca748781d2460b587bbbbf7319f31eef3b","Mint 1 of 0x0000000000664ceffed39244a8312bd895470803","Mint 1 of 0x0000000000664ceffed39244a8312bd895470803"
"0x29d156ab8f079b310e52959a889e18f1c39590ca68fc44f13c31e8df476a388a","Mint 1 of 0x0000000000664ceffed39244a8312bd895470803","Mint 1 of 0x0000000000664ceffed39244a8312bd895470803"
"0x216366bb4b645e353dba216c8ac001956663d16c3f1d8ff1457e56cd2c2643b3","Approved 0xdac17f958d2ee523a2206206994597c13d831ec7 For Trade On 0x68b3465833fb72a70ecdf485e0e4c7bd8665fc45","Approved 0xdac17f958d2ee523a2206206994597c13d831ec7 For Trade On 0x68b3465833fb72a70ecdf485e0e4c7bd8665fc45"
"0xda231594716958d91a4e0475c001e447905d0424ffd4692fa7705fe47d4304e5","Transfer 42,189.82986761 0x15d4c048f83bd7e37d49ea4c83a07267ec4203da To 0x7b4d84775309234b57294cf52aef0e4bbf8ecf25","Transfer 42,189.82986761 0x15d4c048f83bd7e37d49ea4c83a07267ec4203da To 0x7b4d84775309234b57294cf52aef0e4bbf8ecf25"
"0x032c27d96173f40873b53c70dc5325991c68cf8d46013438c07d67d3755990e1","Swap 0.000002300062402519 Ether For 2,000,000,000,000 0x1d4214081985ad20aa3ca93a2206ae792635cbec On Uniswap V3","Swap 0.000003427092979753 Ether For 20,000,000,000 0x1d4214081985ad20aa3ca93a2206ae792635cbec On Uniswap V3"
"0xa87aa378f9f195673169e956839a924484c465cf0dd1451557831127d738d1b5","Transfer 115.71 0xa0b86991c6218b36c1d19d4a2e9eb0ce3606eb48 To 0xdce9ea29129eb98648c341d5e8157ddd50035b6d","Transfer 115.71 0xa0b86991c6218b36c1d19d4a2e9eb0ce3606eb48 To 0xdce9ea29129eb98648c341d5e8157ddd50035b6d"
"0x533a5735adc126cc75398b243786ee14c2b8db4bb3a60bed45f3dce5b95f649c","Mint 1 of 0x0000000000664ceffed39244a8312bd895470803","Mint 1 of 0x0000000000664ceffed39244a8312bd895470803"
"0xfb326e5cb58224ac8a9a470fedc1d4d64ba304a5e2bf28caa659bb6205ebea93","Swap 0.585183349845262336 Ether For 231,836.603921903380332544 0x5eca7b975e34567d9460fa613013a7a6993ad185 On Uniswap V2","Swap 0.585183349845262336 Ether For 231,836.603921903380332544 0x5eca7b975e34567d9460fa613013a7a6993ad185 On Uniswap V2"
"0x31734c9f687c8a361e2e2cd77cb046e47726530b63b5ee74829a1e755ac1151a","Swap 0.04825619521432 Ether For 84,242,940.740128378 0xcb532a7f313cb6e0d92c81f52197cb4adc5424b4 On Uniswap V2","Swap 0.04825619521432 Ether For 842,429,407,4012838007 0xcb532a7f313cb6e0d92c81f52197cb4adc5424b4 On Uniswap V2"
"0xb7a4e82392f5962679ed29de12f0ae10fd48313e85303dd0ce9bf23ae1d660aa","Approved 0xd807f7e2818db8eda0d28b5be74866338eaedb86 For Trade On 0xc92e8bdf79f0507f65a392b0ab4667716bfe0110","Approved 0xd807f7e2818db8eda0d28b5be74866338eadedb86 For Trade On 0xc92e8bdf79f0507f65a392b0ab4667716bfe0110"
"0xaf56af7443a59725df8d33455818a5ed24188c8a1fb01ae4e792c24adc8bee87","Mint 1 of 0x0000000000664ceffed39244a8312bd895470803","Mint 1 of 0x0000000000664ceffed39244a8312bd895470803"
"0x6d6fec90cebf81e029832f6c3241ed4dc18b98b3d1cb5305904a2463d67a3a9c","Approved 0xdac17f958d2ee523a2206206994597c13d831ec7 For Trade On 0x13f4ea83d0bd40e75c8222255bc855a974568dd4","Approved 0xdac17f958d2ee523a2206206994597c13d831ec7 For Trade On 0x13f4ea83d0bd40e75c8222255bc855a974568dd4"
"0x13ff81a81b0fbe12911b1e1ddf02c85df9cc995ad8f2762dac9dfbfe4740e775","Transfer 112.25 0xa0b86991c6218b36c1d19d4a2e9eb0ce3606eb48 To 0xbab2407e05ff3e58b9d7b9095bc56d8220d00333","Transfer 112.25 0xa0b86991c6218b36c1d19d4a2e9eb0ce3606eb48 To 0xbab2407e05ff3e58b9d7b9095bc56d8220d00333"
"0xddbde4c819b40b894e782e2bc7d1d80fa2af39c38b7a0e4089da586a1b272a57","Transfer 1,757,417,385.04912 0x6982508145454ce325ddbe47a25d4ec3d2311933 To 0xc4334a9af50c80a12c484de643149f6159bdd110","Transfer 175,741,738,504.912 0x6982508145454ce325dbe47a25d4ec3d2311933 To 0xc4334a9af50c80a12c484de643149f6159bdd110"
"0xbf6882451c5a4a021bc74d0f0489da91a0b3f555176c08fb473ac0f33f48c586","Swap 0.066 Ether For 8,409,785.21434301 0xa62894d5196bc44e4c3978400ad07e7b30352372 On Uniswap V2","Swap 0.066 Ether For 840,978,521.434 0xa62894d5196bc44e4c3978400ad07e7b30352372 On Uniswap V2"
"0xacd535b43968c8361c3238d94051b3c70b22846a1a5d2668cb42f89d4c7ab463","Approved 0x3007083eaa95497cd6b2b809fb97b6a30bdf53d3 For Trade On 0x000000000022d473030f116ddee9f6b43ac78ba3","Approved 0x3007083eaa95497cd6b2b809fb97b6a30bdf53d3 For Trade On 0x000000000022d473030f116ddee9f6b43ac78ba3"
"0x1721e823030a34a78d8e67e760e88e12a6dee8d7559f10b200acf53726022ffa","Transfer 22,213,790.489304 0xd1d2eb1b1e90b638588728b4130137d262c87cae To 0x21a31ee1afc51d94c2efccaa2092ad1028285549","Transfer 2,221,379,048.9304 0xd1d2eb1b1e90b638588728b4130137d262c87cae To 0x21a31ee1afc51d94c2efccaa2092ad1028285549"
"0x5e27ed0301091d0eacd46f2a5fe104fc22667e1cef7f7f5c9df10007cad65cda","Approved 0x6b175474e89094c44da98b954eedeac495271d0f For Trade On 0x000000000022d473030f116ddee9f6b43ac78ba3","Approved 0x6b175474e89094c44da98b954edeac495271d0f For Trade On 0x000000000022d473030f116ddee9f6b43ac78ba3"
"0x3c1f95bc6bf5e83565c4bf950bf119930fa50610d4f539b7270efd804b824647","Mint 1 of 0x65dbfdeb3fa4f7040dbb13d9ad9f251abf8084fa","Mint 1 of 0x65dbfedeb3fa4f7040dbb13d9ad9f251abf8084fa"
"0x933dcf89b77fbcaaa562756fc26aff83f6f37226f8696c69dc037ae35c0087bd","Transfer 130,503,138,650.515 0x1ce270557c1f68cfb577b856766310bf8b47fd9c To 0x67bb7def94e359813f04e206a71594a4a54a08c5","Transfer 13,050,313,865,0.515 0x1ce270557c1f68cfb577b856766310bf8b47fd9c To 0x67bb7def94e359813f04e206a71594a4a54a08c5"
"0x4888c8fd494675561b2162394abc57d16b0c8d8d11468c5e05250a6a96f3cbbb","Transfer 91,000 0xdac17f958d2ee523a2206206994597c13d831ec7 To 0x147792e1cc36e0b30feb0afd7559d07e13716fd5","Transfer 9,100.00 0xdac17f958d2ee523a2206206994597c13d831ec7 To 0x147792e1cc36e0b30feb0afd7559d07e13716fd5"
"0x324424eb21192977518f2477c9e598b82f4978198292d67ae9d632e35554ac72","Approved 0x423f4e6138e475d85cf7ea071ac92097ed631eea For Trade On 0x000000000022d473030f116ddee9f6b43ac78ba3","Approved 0x423f4e6138e475d85cf7ea071ac92097ed631eea For Trade On 0x000000000022d473030f116ddee9f6b43ac78ba3"
"0xea1bbd5f3ffc0f26a2783e208f4ff8b240382e27d2f8f38da9b51b4b741354e2","Mint 1 of 0x0000000000664ceffed39244a8312bd895470803","Mint 1 of 0x0000000000664ceffed39244a8312bd895470803"
"0x4305f7d140480a0c8795a8d4528bb2289e04bb8ba135ceb76c13ce0b277cd19a","Swap 0.5 Ether For 590,009,368,331.459796585108408504 0x3d806324b6df5af3c1a81acba14a8a62fe6d643f On Uniswap V2","Swap 0.5 Ether For 61,970,316.7387785806668118478 0x3d806324b6df5af3c1a81acba14a8a62fe6d643f On Uniswap V2"
"0x87070590acdd82f14ef69edf7bf800a9f688f0bb5aea1e53f17750a6b36e0299","Approved 0x3f3cd642e81d030d7b514a2ab5e3a5536beb90ec For Trade On 0x000000000022d473030f116ddee9f6b43ac78ba3","Approved 0x3f3cd642e81d030d7b514a2ab5e3a5536beb90ec For Trade On 0x000000000022d473030f116ddee9f6b43ac78ba3"
"0xbe13e1ca84a91dabaf18938b12aaa755fb64cb775f8a3f6f52a18d95e23d2d10","Approved 0xde30da39c46104798bb5aa3fe8b9e0e1f348163f For Trade On 0x0e3efd5be54cc0f4c64e0d186b0af4b7f2a0e95f","Approved 0xde30da39c46104798bb5a3fe8b9e0e1f348163f For Trade On 0x0e3efd5be54cc0f4c64e0d186b0af4b7f2a0e95f"
"0x21506684cd408b7e6050f2624ccf25637cb4863c442339cc0ad8600cad11d2b3","Approved 0xc090963146458b9f4e3a9401652fff840b741cf8 For Trade On 0x7a250d5630b4cf539739df2c5dacb4c659f2488d","Approved 0xc090963146458b9f4e3a9401652fff840b741cf8 For Trade On 0x7a250d5630b4cf539739df2c5dacb4c659f2488d"
"0x8ba5662ac5d524e9de43cb68a24f4b865bfd4f6e328fea90f81fbfbf8e16f7c9","Transfer 24,000 0xdac17f958d2ee523a2206206994597c13d831ec7 To 0x1522900b6dafac587d499a862861c0869be6e428","Transfer 24,000 0xdac17f958d2ee523a2206206994597c13d831ec7 To 0xc9768c888fc81287c4ae4f2945eec981ce8bbdc9"
"0xd3c1c92f9eba601568c56de46843becd98bd5c4996001ff28c5efa43bdd67f84","Swap 0.2475 Ether For 1,320.854957003226302322 0x9b355fee784768a7b9ac388c19e818e1c0a19b76 On Uniswap V2","Swap 0.2475 Ether For 1,304.388931615778023432 0x9b355fee784768a7b9ac388c19e818e1c0a19b76 On Uniswap V2"
"0x68a0ec66edce899e3781fb3b3ba18f91768d857f1fc598fe87b93631d26a0240","Transfer 3.359 0x4d224452801aced8b2f0aebe155379bb5d594381 To 0xbafc43dd2c8990ca2ff9b2661a1a083a16cc32bf","Transfer 3.359 0x4d224452801aced8b2f0aebe155379bb5d594381 To 0xbafc43dd2c8990ca2ff9b2661a1a083a16cc32bf"
"0x2ad276d0800557740e57d45447dc7964834c2648dc9b7b2404604d8a35c7c69f","Swap 0.2 Ether For 2,176.815619388139301447 0x1936c91190e901b7dd55229a574ae22b58ff498a On Uniswap V2","Swap 0.2 Ether For 2,136.868073517099889422 0x1936c91190e901b7dd55229a574ae22b58ff498a On Uniswap V2"
"0x070ba510a2bb259ff065bcb561d8df7759b3efb57c88120cc9995b8cadcf0718","Approved 0xc090963146458b9f4e3a9401652fff840b741cf8 For Trade On 0x1111111254fb6c44bac0bed2854e76f90643097d","Approved 0xc090963146458b9f4e3a9401652fff840b741cf8 For Trade On 0x1111111254fb6c44bac0bed2854e76f90643097d"
"0x7bdf77c025dd79156f99426a63c6f828b9c751edc3260e6355e8621e0a88db3b","Mint 1 of 0xeb27b57e894f8813a06adbdfb90f10f130d9ea77","Mint 1 of 0xeb27b57e894f8813a06adbdfb90f10f130d9ea77"
"0xcfb92724ff6e558a6a77c6609d2c93afc2fb45650f43692c66e83a8b6f762a01","Transfer 13,448.1 0xa62cc35625b0c8dc1faea39d33625bb4c15bd71c To 0x6acb051174020c41669d63cc96da5aca4e5d2b1b","Transfer 13,448.1 0xa62cc35625b0c8dc1faea39d33625bb4c15bd71c To 0x6acb051174020c41669d63cc96da5aca4e5d2b1b"
"0x8f92a30e30ba2a75c7adef237284441d2c1e7b77d413be6e3520a9f13d2311b9","Swap 0.5 Ether For 8,560,467.379746162 0xc3789303e2849594b37956bda8108e0e7acb5ac1 On Uniswap V2","Swap 0.5 Ether For 856,046,737.974616207 0xc3789303e2849594b37956bda8108e0e7acb5ac1 On Uniswap V2"
"0x476db5bdd7539087400da87fe7532ced3888f0c6ce5b07b28120d61571b91fd9","Mint 1 of 0xffffffffb9059a7285849bafddf324e2c308c164","Mint 1 of 0xffffffffb9059a7285849bafddf324e2c308c164"
"0xb20458b04e4bae45a9c821d668311bbdf4d1b102cc0e8091dddbe6231e8471de","Approved 0x96bffdf27b27f5cf4258a9be85ff89e378d18af7 For Trade On 0x7a250d5630b4cf539739df2c5dacb4c659f2488d","Approved 0x96bfdf27b27f5cf4258a9be85ff89e378d18af7 For Trade On 0x7a250d5630b4cf539739df2c5dacb4c659f2488d"
"0xc1cbd3df0025f887df6616ca6b6c4e1631ac5508e072fa62ae136f230c8104c9","Transfer 45.26 0xdac17f958d2ee523a2206206994597c13d831ec7 To 0xe9c519dd845c8f3ca55c8cdaab6d9657254657df","Transfer 45.26 0xdac17f958d2ee523a2206206994597c13d831ec7 To 0xe9c519dd845c8f3ca55c8cdaab6d9657254657df"
"0xb0cc24dc20cd09dbcfd0377c87461bdd1f46fa7a443a21a0d4aac48398912408","Swap 5,000 0x40fd72257597aa14c7231a7b1aaa29fce868f677 For 0.387378868229742399 Ether On Uniswap V2","Swap 5,000 0x40fd72257597aa14c7231a7b1aaa29fce868f677 For 0.387378868229742399 Ether On Uniswap V2"
"0x46b8dc6e59b6af6cf91cfa2c9f6d16a2a5067773d49f7c13367dbfebde35ba39","Transfer 4,500 0xdac17f958d2ee523a2206206994597c13d831ec7 To 0x18699acf7cf56c74e28b30531a2ab97b9a6ba879","Transfer 4,500 0xdac17f958d2ee523a2206206994597c13d831ec7 To 0x18699acf7cf56c74e28b30531a2ab97b9a6ba879"
"0x02a1bda4b070bcbc218f3d6e2b078081b2b9e1eaa33e20191c45eddeee11e0d5","Approved 0x7e77dcb127f99ece88230a64db8d595f31f1b068 For Trade On 0x000000000022d473030f116ddee9f6b43ac78ba3","Approved 0x7e77dcb127f99ecoe88230a64db8d595f31f1b068 For Trade On 0x000000000022d473030f116ddee9f6b43ac78ba3"
"0xaf6381f732f7caf65bf809b925761ab9801f2955ce3450cf950a8fc409d6c5b3","Approved 0xd2c869382c7ac9f87ff73548d029d67c0f9dee31 For Trade On 0x6352a56caadc4f1e25cd6c75970fa768a3304e64","Approved 0xd2c869382c7ac9f87ff73548d029d67c0f9dee31 For Trade On 0x6352a56caadc4f1e25cd6c75970fa768a3304e64"
"0xa02a2235f3b36b23735914a767a9f365d77377d2a4ea04efcdcf8112f72fbc13","Approved 0xc02aaa39b223fe8d0a0e5c4f27ead9083c756cc2 For Trade On 0x000000000022d473030f116ddee9f6b43ac78ba3","Approved 0xc02aaa39b223fe8d0a0e5c4f27ead9083c756cc2 For Trade On 0x000000000022d473030f116ddee9f6b43ac78ba3"
"0x5a790dc650888048ef9971ac20f0569b316e76a374accb89cf846e2e5d1d47e2","Mint 1 of 0xcad6beb202cc1185b6719112cb988e7447920762","Mint 1 of 0xcad6beb202cc1185b6719112cb988e7447920762"
"0xe5b769f4496657602cb5b8c8948f9d2d6aa34d4f1d6ac8879b5573bc59b6a857","Mint 5 of 0xe1cabc2122c11b261c43fc2504db2394ed4239f5","Mint 1 of 0xe1cabc2122c11b261c43fc2504db2394ed4239f5"
"0x613516f9e440f791ed6935d7e375a196f374965cb9a9a3ca1f5cff75f42a436b","Approved 0x7bd44cf5c0566aab26150a0cd5c3d20c5535686f For Trade On 0x6131b5fae19ea4f9d964eac0408e4408b66337b5","Approved 0x7bd44cf5c0566aab26150a0cd5c3d20c5535686f For Trade On 0x6131b5fae19ea4f9d964eac0408e4408b66337b5"
"0xec33d50c8311e8192dba89731e339b375412b984920e2a73e21ab5490c7903f9","Swap 0.2 Ether For 406.772953401 0x6ad9a31f02f1e790ff85584ea3c3d0001e45cd64 On Uniswap V2","Swap 0.2 Ether For 406.772953401 0x6ead931f02f1e790ff85584ea3c3d0001e45cd64 On Uniswap V2"
"0x69b863b2a386776b04814d17da21d5ffd4fae0aa1c9f219ac3b3ba5267571064","Approved 0xd95a4eca0f93ffd21719856bcd95db7d711301f2 For Trade On 0x7a250d5630b4cf539739df2c5dacb4c659f2488d","Approved 0xd95a4eca0f93ffd21719856bcd95db7d711301f2 For Trade On 0x7a250d5630b4cf539739df2c5dacb4c659f2488d"
"0x43d507f2d004894e0517ea7b3d927385f12f4edf72fb08cdf7dce03d13e44112","Mint 1 of 0x0082578eedfd01ec97c36165469d012d6dc257cc","Mint 1 of 0x0082578eedfd01ec97c36165469d012d6dc257cc"
"0xa745a111a8ae18878729b4b7a09de2641d6541dd2010a9a2d6e68405ba59ca5b","Approved 0x5f98805a4e8be255a32880fdec7f6728c6568ba0 For Trade On 0x881d40237659c251811cec9c364ef91dc08d300c","Approved 0x5f98805a4e8be255a32880fdec7f6728c6568ba0 For Trade On 0x881d40237659c251811cec9c364ef91dc08d300c"
"0x86589cecab7f53f6ab79f23ef4557055c04e7fe2a091246a80cd6df0fbc0e00b","Swap 0.545117347477054434 Ether For 555 0x4d224452801aced8b2f0aebe155379bb5d594381 On Uniswap V3","Swap 555 0x4d224452801aced8b2f0aebe155379bb5d594381 For 0.545117347477054434 0xC02aaa39b223fe8d0a0e5c4f27ead9083c756cc2 On Uniswap V3"
"0x5ea8b2dab513ba735b0df93394b3057fc2039c614e51a8870fd92cefce20443e","Approved 0x04bb2aad6205bd34047efe17b1bfb49ce69b878b For Trade On 0x7a250d5630b4cf539739df2c5dacb4c659f2488d","Approved 0x04bb2aad6205bd34047efe17b1bfb49ce69b878b For Trade On 0x7a250d5630b4cf539739df2c5dacb4c659f2488d"
"0xc724879bf17cb7f98008e7e090064f2bc3bcd72ac74d35e1004fa24716f68e77","Mint 1 of 0x0000000000664ceffed39244a8312bd895470803","Mint 1 of 0x0000000000664ceffed39244a8312bd895470803"
"0x917e8241f64a086bee75c7aba76346093208190bf5b74e334d9589147627c23f","Approved 0x2609c0ef563df960b3f0ae1129b5a871ba62ed75 For Trade On 0x000000000022d473030f116ddee9f6b43ac78ba3","Approved 0x2609c0ef563df960b3f0ae1129b5a871ba62ed75 For Trade On 0x000000000022d473030f116ddee9f6b43ac78ba3"
"0xfc11c518cf9c202c76f492964c2162cf43fc857db42bbb91978eacabbc799075","Swap 0.145 Ether For 265.307074 0xa0b86991c6218b36c1d19d4a2e9eb0ce3606eb48 On Uniswap V3","Swap 0.145 Ether For 265.307074 0xa0b86991c6218b36c1d19d4a2e9eb0ce3606eb48 On Uniswap V3"
"0x3f662e9696695cfbff223a00818a79008f124886a92f1eca0a2dac5e1989f5ca","Swap 1.5 Ether For 698,521,969,761.50887757 0x8c130499d33097d4d000d3332e1672f75b431543 On Uniswap V2","Swap 1.5 Ether For 698,521,969,761.50887734 0x8c130499d33097d4d000d3332e1672f75b431543 On Uniswap V2"
"0xe3c8736d3d7e59ceb9eab0cda12353b39d807fd43638efc4861cdb741615e42c","Mint 1 of 0xffffffffb9059a7285849bafddf324e2c308c164","Mint 1 of 0xffffffffb9059a7285849bafddf324e2c308c164"
"0xa0d67cf80ae6837c1e175702e6978aa8f9283d8f662e574942bd3690a703846c","Mint 1 of 0x122c8d08b982419531b19cce198b63a8d9068eb4","Mint 1 of 0x122c8d08b982419531b19cce198b63a8d9068eb4"
"0x1ab69d6ed425c7ae5ace0ffd8f46385aa96070536700fc0d4c21008810573567","Mint 3 of 0xabbc6d7a007714961e82d5260916a6e35d4e7f75","Mint 3 of 0xabbc6d7a007714961e82d5260916a6e35d4e7f75"
"0x164ca760a892511722791c341db0badf7df9bdc5159acbb57cb39c54e5bb2e37","Swap 0.099 Ether For 107,081.061873588341720069 0x5b39de9ec49f808272a8f27b6d7ce65589a64f9d On Uniswap V2","Swap 0.099 Ether For 53,540.530993679417086003 0x5b39de9ec49f808272a8f27b6d7ce65589a64f9d On Uniswap V2"
"0x3825f907d04b67893cdea9b367e94091511118897d89ca90576bcb765e3ab8b4","Transfer 44.76 0xdac17f958d2ee523a2206206994597c13d831ec7 To 0x0e3d753e9d28c61c263a0da9701b79b39a79d74f","Transfer 44.76 0xdac17f958d2ee523a2206206994597c13d831ec7 To 0x0e3d753e9d28c61c263a0da9701b79b39a79d74f"
"0xa85098a2bbbf3842f89c90880c771412cca93a5646d351bc659e98e53635d150","Swap 0.0348 Ether For 213,194,129.009999633035043704 0x561b34887f75a67669f1fbcde3e6d612bda3b950 On Uniswap V2","Swap 0.0348 Ether For 21,319,412,900.99999633035043704 0x561b34887f75a67669f1fbde3e6d612bda3b950 On Uniswap V2"
"0x44fe808cbdddf3fe5bb3f16e6eedfaf5d188159a06efe5144ab6966907924685","Transfer 8.66 0xa0b86991c6218b36c1d19d4a2e9eb0ce3606eb48 To 0x3a0443c33336fde81e85d31204ee1cc083ec0324","Transfer 8.66 0xa0b86991c6218b36c1d19d4a2e9eb0ce3606eb48 To 0x3a0443c33336fde81e85d31204ee1cc083ec0324"
"0x611acb9545cde434b40a948baaafd65dcd7c437af59523cc37365aa507260867","Swap 0.065446372066517567 Ether For 62,520.918176807848365826 0x807534b396919783b7e30383fe57d857bc084338 On Uniswap V2","Swap 0.065446372066517567 Ether For 65,643301972434871 0x807534b396919783b7e30383fe57d857bc084338 On Uniswap V2"
"0x77541c3f66fdd28f522c5fed29041e336c9a98f0ec018deacf9904879d261a25","Transfer 548.89 0xa0b86991c6218b36c1d19d4a2e9eb0ce3606eb48 To 0x10dc681b9ecca7ec9fb76ca418fe68a2c18bdd94","Transfer 548.89 0xa0b86991c6218b36c1d19d4a2e9eb0ce3606eb48 To 0x10dc681b9ecca7ec9fb76ca418fe68a2c18bdd94"
"0xf84051c1b6c96519628e554789883a55a147269239ecfaaff56cdc1c00929b5f","Transfer 22,146,357.17491007 0xd1d2eb1b1e90b638588728b4130137d262c87cae To 0xdfd5293d8e347dfe59e90efd55b2956a1343963d","Transfer 22,146,357.17491007 0xd1d2eb1b1e90b638588728b4130137d262c87cae To 0xdfd5293d8e347dfe59e90efd55b2956a1343963d"
"0xe5a27f13e57622a0d8f5069a952c61bd77d6b576a7f4359321c07f1662edf31d","Transfer 104,000,000 0x95ad61b0a150d79219dcf64e1e6cc01f0b64c4ce To 0xe60a0ba82129cf217c3d2e1bbedb8267b9b2c2d6","Transfer 10,400,000,000 0x95ad61b0a150d79219dcf64e1e6cc01f0b64c4ce To 0xe60a0ba82129cf217c3d2e1bbedb8267b9b2c2d6"
"0xfce115583af8dff13b206251ab6eba638faf68da77dd11654ef3586ace9b114a","Transfer 52,032 0x949d48eca67b17269629c7194f4b727d4ef9e5d6 To 0x478271c960137418c9d90082dddbf68aa72e4367","Transfer 52,032 0x949d48ecaa67b17269629c7194f4b727d4ef9e5d6 To 0x478271c960137418c9d90082dddbf68aa72e4367"
"0x45558d087fbfa5bbe12acfc8bf58f5f547074b6065822bb89c84f3e6c5e61752","Transfer 2,195 0xdac17f958d2ee523a2206206994597c13d831ec7 To 0x974caa59e49682cda0ad2bbe82983419a2ecc400","Transfer 2,195 0xdac17f958d2ee523a2206206994597c13d831ec7 To 0x974caa59e49682cda0ad2bbe82983419a2ecc400"
"0x05ac640791cb7704decbd11745c45194df9b9963b0c04d93759999d6c5e61c74","Approved 0xaf235812a7c0ac04f99020e13b22c9bc0eb10cb7 For Trade On 0x000000000022d473030f116ddee9f6b43ac78ba3","Approved 0xaf235812a7c0ac04f99020e13b22c9bc0eb10cb7 For Trade On 0x000000000022d473030f116ddee9f6b43ac78ba3"
"0x727e12300b092d1c5aa5a44207321238eaa1aa14370a9baed49cb5d3ca0bb64f","Mint 1 of 0x6a7728c862490fb0e89b9603a4888b9db4adb676","Mint 1 of 0x6a7728c862490fb0e89b9603a4888b9db4adb676"
"0xc6f355e349aa428e4888473b520fffa34864f988e568098aadc7d576a4c1ddb6","Mint 1 of 0xffffffffb9059a7285849bafddf324e2c308c164","Mint 1 of 0xffffffffb9059a7285849bafddf324e2c308c164"
"0xd001778b862f1885f70cd661aeb893208fc4e60cbb49f1aa8ef9c4ddbb7efae6","Approved 0xf3115b544c287380d34a19280dcfd029eeada9c8 For Trade On 0x000000000022d473030f116ddee9f6b43ac78ba3","Approved 0xf3115b544c287380d34a19280dcfd029eeaida9c8 For Trade On 0x000000000022d473030f116ddee9f6b43ac78ba3"
"0x52128f3b34b947585e1c5efc994040615229eb3f4279d87394120afaf0c63d75","Swap 0.6 Ether For 13,975,979.894341415509626664 0x8ed97a637a790be1feff5e888d43629dc05408f6 On Uniswap V2","Swap 0.6 Ether For 1,407,919,060.5508227875772877448868476048894860949167763485018909280881944090060861407407763277010106040909020800456350613091991230790142946090690953603927019664510024990800600069489602900390929369360477687609081437405693829466969890517908"
"0xce9acd3fc7d9ec2aa0d0f255bb7ed8dd86677627717a709ba1325ccec890f5f0","Swap 0.005373354074480001 Ether For 3,951.333554179343538802 0x0425e5bf7f52591a04fbe24c454ac004179c4318 On Uniswap V3","Swap 3,951.333554179343538802 0x0425e5bf7f52591a04fbe24c454ac004179c4318 For 0.005373354074480001 Ether On Uniswap V3"
"0x2f830250d71abee24eac094cfebf90dcdb64ff2c6b91e909ee55319e69b16a8d","Swap 990,000,000 0x5ad02305ba9a4985390170337582986e419f1a2c For 0.271835002049256585 Ether On Uniswap V2","Swap 9,900,000,000 0x5ad02305ba9a4985390170337582986e419f1a2c For 0.271835002049256585 Ether On Uniswap V2"
"0x12a893f12e7eba0391b260cd716e6f2c86b422dc981ca54bfe078b96a24e25de","Approved 0xc02aaa39b223fe8d0a0e5c4f27ead9083c756cc2 For Trade On 0x000000000022d473030f116ddee9f6b43ac78ba3","Approved 0xc02aaa39b223fe8d0a0e5c4f27ead9083c756cc2 For Trade On 0x000000000022d473030f116ddee9f6b43ac78ba3"
"0x94ff64338ff3c8a7c2c1f99fc444ff6edd770ca2067d1142aa2df349514a0540","Mint 1 of 0xf0ba876cf0c4b554de50b3f1b92c9400208aada8","Mint 1 of 0xf0ba876cf0c4b554de50b3f1b92c9400208aad–∞8"
"0x4b2cf8e20778cb743404ddb165f730b694c23fb9191e5239395992d9f874e58c","Mint 2 of 0xc211506d58861857c3158af449e832cc5e1e7e7b","Mint 2 of 0xc211506d58861857c3158af449e832cc5e1e7e7b"
"0x57421e4efcdce571b1db1f44660d52b09dfab218814d09cf88fdf3838fa6735a","Transfer 319.134 0x7d1afa7b718fb893db30a3abc0cfc608aacfebb0 To 0x1cf2efe755adc34f821f6b10f90ee73d9b0fce66","Transfer 319.134 0x7d1afa7b718fb893db30a3abc0cfc608aacfebb0 To 0x1cf2efe755adc34f821f6b10f90ee73d9b0fce66"
"0x9fc17277ac3ef66cfa9afceb0ef4a4537fadd75472059f00d62757998a46649d","Transfer 6,200 0xd13c7342e1ef687c5ad21b27c2b65d772cab5c8c To 0xfa94a23e8b5d3ddc5f11f5c4336ec5ff6dad235b","Transfer 6,200 0xd13c7342e1ef687c5ad21b27c2b65d772cab5c8c To 0xfa94a23e8b5d3ddc5f11f5c4336ec5ff6dad235b"
"0x9d79627051c67208d62d22c39cc2c0660c0f858c269b34af44c3f186606150b4","Transfer 104.797145 0xdac17f958d2ee523a2206206994597c13d831ec7 To 0x894021c0239ab27e78f0b63032814a4675bb62aa","Transfer 104.797145 0xdac17f958d2ee523a2206206994597c13d831ec7 To 0x894021c0239ab27e78f0b63032814a4675bb62aa"
"0x58d0a51b93981fc221d4edad24ae8ea25b412a08b74796ce7395b921b9a5e03f","Mint 1 of 0x0000000000664ceffed39244a8312bd895470803","Mint 1 of 0x0000000000664ceffed39244a8312bd895470803"
"0xdf1edc39a3c4c23f1558bce7568f5dc1ac968878158809b7a087caa54780c4ea","Approved 0x3819f64f282bf135d62168c1e513280daf905e06 For Trade On 0x1715a3e4a142d8b698131108995174f37aeba10d","Approved 0x3819f64f282bf135d62168c1e513280daf905e06 For Trade On 0x1715a3e4a142d8b698131108995174f37aeba10d"
"0x437472e9746d53f7431555717fd8a0e7fd95e620745c956acff52e2ba14df217","Approved 0x7bd44cf5c0566aab26150a0cd5c3d20c5535686f For Trade On 0x000000000022d473030f116ddee9f6b43ac78ba3","Approved 0x7bd44cf5c0566aab26150a0cd5c3d20c5535686f For Trade On 0x000000000022d473030f116ddee9f6b43ac78ba3"
"0x8af9a25710220d3c0cc5a58096508e4b6c84ad9e06094f0dbe747f936ccef3f2","Approved 0xe1223f2d494c37f83e1bdda5015e990938f00d81 For Trade On 0x2ec705d306b51e486b1bc0d6ebee708e0661add1","Approved 0xe1223f2d494c37f83e1bda5015e990938f00d81 For Trade On 0x2ec705d306b51e486b1bc0d6ebee708e0661add1"
"0xbf35b5ff1c3c6ee1731ae38e2b0e640de1ca868fc168585649eaedea9522a48a","Transfer 7,036 0xdac17f958d2ee523a2206206994597c13d831ec7 To 0x3d2e56edb4420b4dc5a874bdad4fb1d683f7d01e","Transfer 7,036 0xdac17f958d2ee523a2206206994597c13d831ec7 To 0x3d2e56edb4420b4dc5a874bdad4fb1d683f7d01e"
"0x1fb0d64a491e73f09e48b3e4571ee7b58d1985df2d6902d5c45b503e0d8ee579","Transfer 0.2999 0x0000000000a39bb272e79075ade125fd351887ac To 0x0000000000000000000000000000000000000000","Transfer 0.2999 0x0000000000a39bb272e79075ade125fd351887ac To 0x0000000000000000000000000000000000000000"
"0xe52cc35b9bfbc39797a5fe169438c2c3ef4c7190a444842540055b6260b04393","Swap 0.2 Ether For 2,766,513.273234983431479185 0xabc11db88ee6c29b67dbe893783f843fae417b34 On Uniswap V2","Swap 0.2 Ether For 2,766,513.2738848140502633597 0xabc11db88ee6c29b67dbe893783f843fae417b34 On Uniswap V2"
"0xfa02d082dcbe9b2aa258bc52da7efd879451c27b0014d714aae5610c043ea9ca","Swap 420 0x1bbf25e71ec48b84d773809b4ba55b6f4be946fb For 387.557547 0xdac17f958d2ee523a2206206994597c13d831ec7 On Uniswap V2","Swap 420 0x1bbf25e71ec48b84d773809b4ba55b6f4be946fb For 387.557547 0xdac17f958d2ee523a2206206994597c13d831ec7 On Uniswap V2"
"0xe4b7fb3f189d6bbc5ef1efa08e12fa82eb16e77b083936764049c0c014e2a5f9","Approved 0x672f4fa517894496b8a958b4b3fca068ce513a39 For Trade On 0x000000000022d473030f116ddee9f6b43ac78ba3","Approved 0x672f4fa517894496b8a958b4b3fc a068ce513a39 For Trade On 0x000000000022d473030f116ddee9f6b43ac78ba3"
"0x7e7df3b943257b59a7f3f85d1459cd395b91591cc4a05dab266b337cf4fe3a76","Swap 68,525,618.04 0xa62894d5196bc44e4c3978400ad07e7b30352372 For 1.61666335378253275 Ether On Uniswap V2","Swap 685,256,184.04 0xa62894d5196bc44e4c3978400ad07e7b30352372 For 1.61666335378253275 Ether On Uniswap V2"
"0x5a2d8bdb111f7b4ef5693a66861b6d3c3dab590fa49e262a932373b1b4bc4f2d","Transfer 1,000 0xdac17f958d2ee523a2206206994597c13d831ec7 To 0x7f5d1fcf042bdec8e561b0f6a7026afc829c5620","Transfer 1,000 0xdac17f958d2ee523a2206206994597c13d831ec7 To 0x7f5d1fcf042bdece8e561b0f6a7026afc829c5620"
"0xada2af66750836c1ce6cb50ec46e279c85d572f80c359ae621ac93c5c9718501","Transfer 19,966.324914 0xdac17f958d2ee523a2206206994597c13d831ec7 To 0x1b1335780713b934dfa13eb6883e17284a290a0b","Transfer 19,966.324914 0xdac17f958d2ee523a2206206994597c13d831ec7 To 0x1b1335780713b934dfa13eb6883e17284a290a0b"
"0xa97617eaa0c13325ff98f41ee17fc661f3835fbbc6beabf8b5411c10b3cd6d68","Mint 1 of 0xffffffffb9059a7285849bafddf324e2c308c164","Mint 1 of 0xffffffffb9059a7285849bafddf324e2c308c164"
"0x9f17f1b74463fdc895e6c51b14ed84e92034e910a9c8fd49e66e55ba577fc346","Approved 0x9057903278f48c9e954e94e14547d1bf34cc7a81 For Trade On 0x7a250d5630b4cf539739df2c5dacb4c659f2488d","Approved 0x9057903278f48c9e954e94e14547d1bf34cc7a81 For Trade On 0x7a250d5630b4cf539739df2c5dacb4c659f2488d"
"0x914d012eb2c6648172be8968c69e616cb126914000a07be91609d9a798c92d64","Approved 0xdac17f958d2ee523a2206206994597c13d831ec7 For Trade On 0x10dcf0419609567dbc10c9627e501760f72d8a38","Approved 0xdac17f958d2ee523a2206206994597c13d831ec7 For Trade On 0x10dcf0419609567dbc10c9627e501760f72d8a38"
"0x5e7afb7e491286faaf9bd3a633adf42917f7999fbec647079143a3f0b354c53d","Mint 3 of 0xc211506d58861857c3158af449e832cc5e1e7e7b","Mint 3 of 0xc211506d58861857c3158af449e832cc5e1e7e7b"
"0xbd043b9c6a641b8e6408bc835c11810e7f25cd8aab48a0dd862c0348ba4a7e2b","Mint 1 of 0x427b8efee2d6453bb1c59849f164c867e4b2b376","Mint 1 of 0x427b8efee2d6453bb1c59849f164c867e4b2b376"
"0x77574b46c9ac9d4c055356d97ab648dd9ca1c79dd7dda1bb49ecabd80c94f25f","Approved 0xabd894720127e8a3bd048c7228781ee2607cea7e For Trade On 0x7b4a9956329705510b03182d5e5afc54e01d7efd","Approved 0xabd894720127e8a3bd048c7228781ee2607cea7e For Trade On 0x7b4a9956329705510b03182d5e5afc54e01d7efd"
"0x6bdf70e1dbb5edf7e7280dd5fa8302b52a3fd8df1c60520014f610b41ff33d9e","Mint 1 of 0x52ba0cf3fa7c052d96671f9435c7476aff70b2df","Mint 1 of 0x52ba0cf3fa7c052d96671f9435c7476aff70b2df"
"0x404fa7e93ca302bf9582267ab634757c449a218b93517e3ac8c56d78c294363d","Mint 1 of 0x684c6acbe1d14fa81453affcd0663659d1d69cde","Mint 1 of 0x684c6acbe1d14fa81453af FCDO"
"0xfb081b5f32603201f15a009d8bcbf9fc028eb18f1ec779749ccb25137b70e4ee","Approved 0xcb0606b06fe080238d333a29cf79fd647724df71 For Trade On 0x58df81babdf15276e761808e872a3838cbecbcf9","Approved 0xcb0606b06fe080238d333a29cf79fd647724df71 For Trade On 0x58df81babdf15276e761808e872a3838cbecbcf9"
"0xb77f16d03bd2ed67e25bbe9abb0b98f9fe4baed840f319738bc76cf4c882aa5d","Mint 1 of 0x0000000000664ceffed39244a8312bd895470803","Mint 1 of 0x0000000000664ceffed39244a8312bd895470803"
"0x62e84186874ce322d0c5e422b2126632abb37054d54dec984cc920b58042b33a","Swap 1,111 0x72e4f9f808c49a2a61de9c5896298920dc4eeea9 For 0.053712668194899653 Ether On Uniswap V3","Swap 0.053712668194899653 Ether For 1,111 0x72e4f9f808c49a2a61de9c5896298920dc4eeea9 On Uniswap V3"
"0xb8ce4e245d6d9ce7f636808c2018204581ce3204b8ddf0794ebb1a76ccd4edd6","Mint 1 of 0x0000000000664ceffed39244a8312bd895470803","Mint 1 of 0x0000000000664ceffed39244a8312bd895470803"
"0x0f90087b035f7285cd6fa17d8fd81d1e36cc2db9121a13a77288cad9120b19f3","Approved 0xdac17f958d2ee523a2206206994597c13d831ec7 For Trade On 0x000000000022d473030f116ddee9f6b43ac78ba3","Approved 0xdac17f958d2ee523a2206206994597c13d831ec7 For Trade On 0x000000000022d473030f116ddee9f6b43ac78ba3"
"0xab1287385317ea59b1424f56fddc1c9b90a9e2b50d4787c237485a55949ccc1a","Transfer 72.13 0xa0b86991c6218b36c1d19d4a2e9eb0ce3606eb48 To 0x6685a7ea3fc62f61a1c6d55a123617cbebcb7d8c","Transfer 72.13 0xa0b86991c6218b36c1d19d4a2e9eb0ce3606eb48 To 0x6685a7ea3fc62f61a1c6d55a123617cbebcb7d8c"
"0x60cdf5c3ead8964e7c942a48f5a4e0094daa8e74b2bb93622099a53b445c4600","Transfer 2,061.83 0xa0b86991c6218b36c1d19d4a2e9eb0ce3606eb48 To 0x2d90ebcb4e3cd0ee6c3abc8be399830791c4bb9b","Transfer 2,061.83 0xa0b86991c6218b36c1d19d4a2e9eb0ce3606eb48 To 0x2d90ebcb4e3cd0ee6c3abc8be399830791c4bb9b"
"0xb9595e3af442e149b1d8911537859c627d8d1f19d45c257e0854f4629f244036","Swap 0.042955782910227408 Ether For 386.547707371421667861 0xfcdb9e987f9159dab2f507007d5e3d10c510aa70 On Uniswap V2","Swap 0.042955782910227408 Ether For 3,672,203,220,028,505,844,68 0xcfdb9e987f9159dab2f507007d5e3d10c510aa70 On Uniswap V2"
"0x1ae9e4bf5685f5fbff55a4fa4ab9f24e8a17f4d40e9065f1aaa577608a0fafbb","Swap 0.25 Ether For 9,353,268.600332544476011872 0xbb62a5ca15e657dbf85d78a49de11f2e127ca641 On Uniswap V2","Swap 0.25 Ether For 888,110.098953094349321668 0xbb62a5ca15e657dbf85d78a49de11f2e127ca641 On Uniswap V2"
"0xe2e98596ce6d10c1215492272102bfe17774b087ec02a6a672a36264660d9779","Swap 10,432.890149765072212966 0xc405a68be0967d0002dbbeb8de0084f24086d36c For 0.062386757407730418 Ether On Uniswap V2","Swap 54,909.948156658274805624 0xc405a68be0967d0002dbbe8de0084f24086d36c For 0.062386757407730418 Ether On Uniswap V2"
"0x17ab9dbaa1a7402f33097bb9038a5f5601b7e2370bf105056027d35abee55084","Swap 349.967053316 0x4575f41308ec1483f3d399aa9a2826d74da13deb For 0.009348030123323508 Ether On Uniswap V2","Swap 3,499.6705331600000000000 0x4575f41308ec1483f3d399aa9a2826d74da13deb For 0.009348030123323508 Ether On Uniswap V2"
"0x7cc89022d0d07325c861c6d0dbc9e70a08059b4c7e916fdbf6f8cb397a181faa","Swap 0.25 Ether For 3,623.060600504 0x37a5212e58c1530517652b4130d731062a9d105d On Uniswap V2","Swap 0.25 Ether For 3,862.060620466 0x37a5212e58c1530517652b4130d731062a9d105d On Uniswap V2"
"0x12dba3932bd8ac8fc3065535b2bc035e4cd8d8f95639a0d6eed3f21cee4699bb","Swap 0.107 Ether For 287,845,200.231582516 0xcb532a7f313cb6e0d92c81f52197cb4adc5424b4 On Uniswap V2","Swap 0.107 Ether For 287,845,200.22926669 0xcb532a7f313cb6e0d92c81f52197cb4adc5424b4 On Uniswap V2"
"0xefe9ff03d976b57f612d43f0f18134b4447d5de90535e729f7a3af1e2ccf7c52","Approved 0x0c5f0c381018619eb07b65529934cf1460335ee2 For Trade On 0x000000000022d473030f116ddee9f6b43ac78ba3","Approved 0x0c5f0c381018619eb07b65529934cf1460335ee2 For Trade On 0x000000000022d473030f116ddee9f6b43ac78ba3"
"0x7199883f95935dec748a76c017be02fa31d5109116b7cc5d4316a8e484b08ca4","Transfer 105,602.365858924 0x8de2b2104b6ac8f9dce7755ff70f0fa452680d9a To 0x927a730c56b19358b76874ba6164685ad4c9503c","Transfer 105,602.365858924 0x8de2b2104b6ac8f9dce7755ff70f0fa452680d9a To 0x927a730c56b19358b76874ba6164685ad4c9503c"
"0xb3b4399bf767f94169c9b618d56c9e7e8a4f6915af7ff6bb87e4625e8769c864","Mint 1 of 0xffffffffb9059a7285849bafddf324e2c308c164","Mint 1 of 0xffffffffb9059a7285849bafddf324e2c308c164"
"0x6e6f2f89dde6ed0274a91cf97419b60e96de13ac6de798012b666a9b631e5be5","Mint 1 of 0xffffffffb9059a7285849bafddf324e2c308c164","Mint 1 of 0xffffffffb9059a7285849bafddf324e2c308c164"
"0xeffff60e1bf94ac0ff39f66395cfe757dcc3b17a5962e05f58e019ba197d5d96","Mint 1 of 0x12c8976b7bb854fe4ecb417fd8f9334399cc59e7","Mint 1 of 0x12c8976b7bb854fe4ecb417fd8f9334399cc59e7"
"0xa197299a5f053b7deaf419c1e68c2d8b5e310ea23b5d955ebfef1622cc17684c","Swap 1 Ether For 21,949,102.522710348958201643 0x8ed97a637a790be1feff5e888d43629dc05408f6 On Uniswap V2","Swap 1 Ether For 21,949,102.522710348958201643 0x8ed97a637a790be1feff5e888d43629dc05408f6 On Uniswap V2"
"0x10c8468c3c28e4640ac586847f38f5e44f362d5026e22110d535e361597de641","Approved 0x1e90ed4d916767f95f3983f2436300cbd25efc8b For Trade On 0x000000000022d473030f116ddee9f6b43ac78ba3","Approved 0x1e90ed4d916767f95f3983f2436300cbd25efc8b For Trade On 0x000000000022d473030f116ddee9f6b43ac78ba3"
"0x145e6a78f561314675a5cfd86a4f0469ceefd8d8e8dd868cb5ede5796b553854","Swap 907,664.389421464253156076 0x5eca7b975e34567d9460fa613013a7a6993ad185 For 2.311008062923055264 Ether On Uniswap V2","Swap 9,076,643.894214642531560760 0x5eca7b975e34567d9460fa613013a7a6993ad185 For 2.311008062923055264 Ether On Uniswap V2"
"0x55c971ee4c30b4cb904f0e82436d48d77217433c937118408d82cd3f687236dd","Approved 0xcb50350ab555ed5d56265e096288536e8cac41eb For Trade On 0x68b3465833fb72a70ecdf485e0e4c7bd8665fc45","Approved 0xcB50350ab555ed5d56265e096288536e8cac41eb For Trade On 0x68b3465833fb72a70ecdf485e0e4c7bd8665fc45"
"0x570e4752bb0f302f1e397df6083d4c46d519c4ac76402846f4b33454856a232c","Swap 0.101 Ether For 9,778,804.998297347798674767 0xeb9ecbf880b07e39f3a44531100d2f8ab2c957fa On Uniswap V2","Swap 0.101 Ether For 98,000,000 0xeb9ecbf880b07e39f3a44531100d2f8ab2c957fa On Uniswap V2"
"0x4bbaa1d8f8c16da48abddb85aef2ed49fb918155b543bb6e69723580559bcf0a","Transfer 216,799.21 0x949d48eca67b17269629c7194f4b727d4ef9e5d6 To 0x21a31ee1afc51d94c2efccaa2092ad1028285549","Transfer 216,799.21 0x949d48ecxa67b17269629c7194f4b727d4ef9e5d6 To 0x21a31ee1afc51d94c2efccaa2092ad1028285549"
"0xc64ad109f3d5584dca370c7e7f158c6d5faa1e83650848a44729e788179feaad","Mint 1 of 0x45380039695b3aac99f59eeb7f41d65594a2f610","Mint 1 of 0x45380039695b3aac99f59eb7f41d65594a2f610"
"0xcf06a818a676370b5e0f627c29d86cd5f74805a1e58b36dad5a9226ec1986e24","Transfer 2,930.20098 0x514910771af9ca656af840dff83e8264ecf986ca To 0x85b5570e720767284c8182bad49ece8691a7d832","Transfer 2,930.20098 0x514910771af9ca656af840dff83e8264ecf986ca To 0x85b5570e720767284c8182bad49ece8691a7d832"
"0xec51eb69d0351a5fef920cf45fd18c9ad06298e78d91ba830d6cf09f7f0d7d52","Transfer 180.48 0xdac17f958d2ee523a2206206994597c13d831ec7 To 0xf0cb35b3a00010c8e5b923ab8efa09ab712f3e38","Transfer 180.48 0xdac17f958d2ee523a2206206994597c13d831ec7 To 0xf0cb35b3a00010c8e5b923ab8efa09ab712f3e38"
"0x95733e120f3371b640ff6028dd3cb00aef2d1884d2b20e12c50eda3c1e6278e9","Swap 0.055 Ether For 65,932.7398887 0x571e21a545842c6ce596663cda5caa8196ac1c7a On Uniswap V2","Swap 0.055 Ether For 3,462.10407843 0x571e21a545842c6ce596663cda5caa8196ac1c7a On Uniswap V2"
"0x80abc5b980b8a6fd95edb2e3e065d979795f268dfe64c82b945425c8cf5982d4","Swap 0.1 Ether For 797,465.77015693 0x94e6e2eefc58565c54b253023cc43c03db22e05a On Uniswap V2","Swap 0.1 Ether For 757,592.481649084 0x94e6e2eefc58565c54b253023cc43c03db22e05a On Uniswap V2"
"0x70611cfaa301ef1604bb8b2c45eeb922f8d9df59504c082fa40955410e9239c0","Swap 0.301884502636717714 Ether For 67,163,284.196097785 0x20cdecbf5d56870b4068a255580a58d068446c92 On Uniswap V2","Swap 0.301884502636717714 Ether For 67,163,284.196097785 0x20cdecbf5d56870b4068a255580a58d068446c92 On Uniswap V2"
"0xb0ec3bda8e1d8d3b08d8d56f12f3155f805e5d47b09aa8d4a22a04b9921afb80","Swap 0.23 Ether For 6.436126998 0xb354b5da5ea39dadb1cea8140bf242eb24b1821a On Uniswap V2","Swap 0.23 Ether For 6.114320649 0xb354b5da5ea39dadb1cea8140bf242eb24b1821a On Uniswap V2"
"0x750596c6f1f49e27e5ace64245bca310acbaa72db074e12b422051a4c2acc006","Transfer 14,336,879.9 0x95ad61b0a150d79219dcf64e1e6cc01f0b64c4ce To 0xfdef8fdcdd11e14296f807fd83c8326e0848315d","Transfer 14,336,879.9 0x95ad61b0a150d79219dcf64e1e6cc01f0b64c4ce To 0xfdef8fdcdd11e14296f807fd83c8326e0848315d"
"0xc47349ec06f30665c2a39bd229792da8027f8bbc0f2cdd083d81dfbdaa688f1d","Transfer 1,175.94 0xdac17f958d2ee523a2206206994597c13d831ec7 To 0x34b8be32346878ec19cf98e921eca1319a101976","Transfer 1,175.94 0xdac17f958d2ee523a2206206994597c13d831ec7 To 0x34b8be32346878ec19cf98e921eca1319a101976"
"0xfba57c6bb858a2fbe06464fb6146ea36057f1261353e77158c5dc62c028d2d34","Transfer 1 of 0xa342f5d851e866e18ff98f351f2c6637f4478db5","Transfer 122,691,216.800000000000 0xa342f5d851e866e18ff98f351f2c6637f4478db5 To 0x2e4ff86dabc696abbd0105b32bda52f4e2f03a0f"
"0x358a1a55c1bf6ebf3f49e355a79132f447a85465d17a58daa11680b0a27d6fb2","Mint 1 of 0x0082578eedfd01ec97c36165469d012d6dc257cc","Mint 1 of 0x0082578eedfd01ec97c36165469d012d6dc257cc"
"0x59bd007606f8775663371e784257a54f981b7481b4063c88b386be6d067f4c3a","Swap 0.04 Ether For 106,931,124,674,358.39039578 0x5570d8590c1bcb88a3bb87db2f873e07ce85994f On Uniswap V2","Swap 0.04 Ether For 1,069,311,246,74358.39039578 0x5570d8590c1bcb88a3bb87db2f873e07ce85994f On Uniswap V2"
"0xfbcf9b8daf411288b6260cc23dab12e106649442cea2636f652ca921b51a6f9e","Transfer 11.96 0xa0b86991c6218b36c1d19d4a2e9eb0ce3606eb48 To 0x0c086b9fe996f5d7375166bccc89a3075e8bc28a","Transfer 11.96 0xa0b86991c6218b36c1d19d4a2e9eb0ce3606eb48 To 0x0c086b9fe996f5d7375166bccc89a3075e8bc28a"
"0xf2e9eb607a4e631fa858c3429ae9bef5db63a28f01897ea7db76435f5eb69ee8","Transfer 845,759.1 0x95ad61b0a150d79219dcf64e1e6cc01f0b64c4ce To 0xda98bfc474869c8c41ee7e4bc16feb8062a03ff9","Transfer 8,457,591.1 0x95ad61b0a150d79219dcf64e1e6cc01f0b64c4ce To 0xda98bcFC474869c8c41ee7e4bc16feb8062a03ff9"
"0x9cd939134514fa684fc8dd1c098bb5efceb9d2d94b1e7375e18393c9b4ede81c","Approved 0xa62cc35625b0c8dc1faea39d33625bb4c15bd71c For Trade On 0x1111111254eeb25477b68fb85ed929f73a960582","Approved 0xa62cc35625b0c8dc1faea39d33625bb4c15bd71c For Trade On 0x1111111254eeb25477b68fb85ed929f73a960582"
"0xde90a23497114c113de842127d0809e6b3ba7693267a14edeee5ca4eb44cd52b","Mint 10000 of 0xa342f5d851e866e18ff98f351f2c6637f4478db5","Mint 1 of 0xa342f5d851e866e18ff98f351f2c6637f4478db5"
"0x7d21eb326d7de548133b6a806b62f32266fbb324cdba3f1741578d1a2c1e0693","Mint 1 of 0x0000000000664ceffed39244a8312bd895470803","Mint 1 of 0x0000000000664ceffed39244a8312bd895470803"
"0x5cc569d920a5e91bd543a2b1ccf057ba3339fea84373a7c043d79999276ae90e","Transfer 1,850 0xdac17f958d2ee523a2206206994597c13d831ec7 To 0xf64b158cb01e44ee6e45254b3bc6e7811d307489","Transfer 1,850 0xdac17f958d2ee523a2206206994597c13d831ec7 To 0xf64b158cb01e44ee6e45254b3bc6e7811d307489"
"0x769f6d29f606dee98a73b08acec0e3794e0bd5b82b0fce47109ef01c003f6b04","Swap 7.369622711527138304 Ether For 10,364,656,870.311034827932250229 0x6982508145454ce325ddbe47a25d4ec3d2311933 On Uniswap V2","Swap 7.369622711527138304 Ether For 103,646,568,70.311034827932250229 0x6982508145454ce325ddeb47a25d4ec3d2311933 On Uniswap V2"
"0x655ea3447613bdeb6d6e5a88ef6d135966c3653ba304d682f84a4c43841df102","Approved 0x27c70cd1946795b66be9d954418546998b546634 For Trade On 0x000000000022d473030f116ddee9f6b43ac78ba3","Approved 0x27c70cd1946795b66be9d954418546998b546634 For Trade On 0x000000000022d473030f116ddee9f6b43ac78ba3"
"0xb1d8373438944ad40f55b979bfd983d249dee95d8cbd3534c676290842ac3f74","Approved 0xcb0606b06fe080238d333a29cf79fd647724df71 For Trade On 0x58df81babdf15276e761808e872a3838cbecbcf9","Approved 0xcb0606b06fe080238d333a29cf79fd647724df71 For Trade On 0x58df81babdf15276e761808e872a3838cbecbcf9"
"0x392770a8a710f6e920beb461b04f57e396cf7077a3cda2af1cd6cf817d907fc9","Transfer 1,369,943.2 0x95ad61b0a150d79219dcf64e1e6cc01f0b64c4ce To 0x5ec12fbdb242ddcc39b99309bb9070ac356a0149","Transfer 13,699,43.2 0x95ad61b0a150d79219dcf64e1e6cc01f0b64c4ce To 0x5ec12fbdb242ddcc39b99309bb9070ac356a0149"