0x306c5bcc4ae835b783e01f4dc74435b432114bc7bf4e2330814f862e0dcbb474,Transfer 280 0xdac11ec7 To 0x7b97d847,Transfer 280 0xdac11ec7 To 0x7b97d847
0x71ea2b2654b032a09ba9a0265c90ac93b192465eba5038ca2019ebc5692daa74,Transfer 11632 0x3845a5d0 To 0x4099a94f,Transfer 11632 0x3845a5d0 To 0x4099a94f
0x92768fe0ebf0de92efa4b62c7ac40b871c6781c535ddae499fc64dc55975085f,Swap 0.15 0xc02a6cc2 For 983287.30064243 0xe0f6c56c On Uniswap V2,Swap 0.15 0xc02a6cc2 For 983287.30064243 0xe0f6c56c On Uniswap V2
0xb77d1fa1073a21a8008bbdc1938e62326535828aa27064a9863b98bb532b4cb1,Approved 0xdac11ec7 For Trade On 0x881d300c,Approved 0xdac11ec7 For Trade On 0x881d300c
0x79770f602b21a85abeae1e79889aab801d1275fe843b15b9b3ae844d13c834b5,Mint 3 of 0xd77fb495,Mint 3 of 0xd77fb495
0x105554872960c5ddd03a1136da4d1f6263357aec21d85b14b0be468792e6c8d1,Transfer 669.402483 0xdac11ec7 To 0xfaaa6545,Transfer 669.402483 0xdac11ec7 To 0xfaaa6545
0x3481a138e0967bf58cef3d3a5859d5fd4d2db7019d05afbb47e7c68530f72562,Mint 3 of 0xd77fb495,Mint 3 of 0xd77fb495
0x12ccfdc05fb1203bbad1a3ac109778e6951bfd49645ce5400bf5668c9e906a65,Transfer 2.433773350397275518 0x58b6b239 To 0x0d0792fe,Transfer 2.433773350397275518 0x58b6b239 To 0x0d0792fe
0x51b92f6b27378c4eb87f9a50014b1dc0e158f812d42aebb7898496c5c64fdae9,Transfer 200.15512 0xdac11ec7 To 0x183a0038,Transfer 200.15512 0xdac11ec7 To 0x183a0038
0x7ae736fde4911c4b05774e82ab616745e5b4091227e3f6b7e13dd3d3db912891,Transfer 55 0xdac11ec7 To 0xf080f388,Transfer 55 0xdac11ec7 To 0xf080f388
0x4aa8264d159be29293515cb988624757c5f5ceccd2403e9825d6df5ce1e25fb1,Transfer 69.26 0xdac11ec7 To 0x5ad454f6,Transfer 69.26 0xdac11ec7 To 0x5ad454f6
0x1233145c1459c43e65ea876270b858c3eb04f28a626fa4fcfe069aaf471bfb11,Mint 1 of 0xbe93a826,Mint 1 of 0xbe93a826
0x3b5f9a25d0dded3d277c36f100c2fe996d07f2f392e6aa2f2aedf28e58af4654,Transfer 3.3416 0x4a224675 To 0xa8da7150,Transfer 3.3416 0x4a224675 To 0xa8da7150
0xe91b3a8242ef2f10532e5b28e82c75d7757a7c67ceea1f57939865467be75272,Approved 0xdac11ec7 For Trade On 0xdef15eff,Approved 0xdac11ec7 For Trade On 0xdef15eff
0xc65d8f81e6e176a9e354ab4797be56dcd58a9635b61860a859c0ef3b6fedcc3e,Mint 3 of 0xd77fb495,Mint 3 of 0xd77fb495
0x20f5333277b66fa53665d52b650f759e53045ba8a1756916fee7c815243cc07d,Mint 3 of 0xd77fb495,Mint 3 of 0xd77fb495
0x2d49893a0d340bce16c3b90790186c1326da2380c85f159daadf7143f44f121c,Transfer 116448085.57 0x95adc4ce To 0x6cc5da7b,Transfer 116448085.57 0x95adc4ce To 0x6cc5da7b
0xdb3b09e0d49a207497ac615c2a782feaeb1d196e3db44ea2f0323514a088cfa0,Swap 0.5 0xc02a6cc2 For 430671651.549680108079916352 0x423f1eea On Uniswap V3,Swap 0.5 0xc02a6cc2 For 430671651.549680108079916352 0x423f1eea On Uniswap V3
0x7b9b6d1655ec5a27857522c329235e69ea022e3b7e1e0cb122fd7410e60e6d98,Approved 0x5570994f For Trade On 0x00008ba3,Approved 0x5570994f For Trade On 0x00008ba3
0x7d87350d177aadd78818b6e7b0e2dadb522658d4f35212c445259a20558d4645,Swap 0.0956 0xc02a6cc2 For 10402815.339761614 0xa6282372 On Uniswap V2,Swap 0.0956 0xc02a6cc2 For 10402815.339761614 0xa6282372 On Uniswap V2
0x451eb8d2d80d1a08972a365881ae92f378ef56ccc16efd816fb91a8ec081f068,Swap 50 0xdac11ec7 For 0.028639043906533406 0xc02a6cc2 On Uniswap V3,Swap 0.028639043906533406 0xc02a6cc2 For 50 0xdac11ec7 On Uniswap V3
0xbc99aa7597d341b3e1b84da8f08232a3429f12fd6f7fc598c4e41a047d92ed36,Approved 0xdac11ec7 For Trade On 0x11110582,Approved 0xdac11ec7 For Trade On 0x11110582
0x8599f57e6242182cf94d442ac1bcb9a862fce6d179b98b3f143c7065e3c50865,Approved 0xc02a6cc2 For Trade On 0x1e003c71,Approved 0xc02a6cc2 For Trade On 0x1e003c71
0xa4f49476b6165d9dc9cd92b6b93c91b0f2bfa5d2f95a20f65f1dd1359cec2df3,Mint 3 of 0xd77fb495,Mint 3 of 0xd77fb495
0xbff9309625b5655cdbe5beff16cb76b4a3f3153e3f0b8d5256dde390eef3bd83,Transfer 281 0xdac11ec7 To 0xa4434589,Transfer 281 0xdac11ec7 To 0xa4434589
0x63925b54cd2824d31f130fbff0f8e22def1106c44b0c1f88e1f0add484864912,Swap 0.700068296174600192 0xc02a6cc2 For 23253.5556096 0xe4b4c833 On Uniswap V2,Swap 0.700068296174600192 0xc02a6cc2 For 23253.5556096 0xe4b4c833 On Uniswap V2
0xb57e35a9f7677d0a99203b0c3ac343f5b4ec30795bb83a28bd493abeaa0432ab,Transfer 222.4 0xdac11ec7 To 0x755046b5,Transfer 222.4 0xdac11ec7 To 0x755046b5
0xa763079c8b32d967b3c6af0d5902894bee1189504a50d3a1fec01da70d03ac41,Approved 0x423f1eea For Trade On 0x881d300c,Approved 0x423f1eea For Trade On 0x881d300c
0xa7a22087249423c0e2ad023bf7b15a663d0acab18e4a6cb755b7007ac5335e74,Swap 0.2 0xc02a6cc2 For 69729.70303632 0xe0f6c56c On Uniswap V2,Swap 0.2 0xc02a6cc2 For 69729.70303632 0xe0f6c56c On Uniswap V2
0x4e0eb8a447d6193e61f99234c73ffa4a6686a3a9f1fdd8f8fbe01325ec028526,Transfer 3695.26 0xdac11ec7 To 0xcea4e679,Transfer 3695.26 0xdac11ec7 To 0xcea4e679
0x6a4bb3c411ca07b526c021ec10fa9689a9b1163fda0d930809794444f6d3abcd,Approved 0xb7d48842 For Trade On 0x1e003c71,Approved 0xb7d48842 For Trade On 0x1e003c71
0xd601d0dcbc770b14bf3dd0c1b0784e3fdcf3250d14ef2854fb48777caa905d87,Mint 3 of 0xd77fb495,Mint 3 of 0xd77fb495
0x92000c6b513d50ee9dad322e89711d56b029ec1eb36768878d3f2697c50f678c,Transfer 546.009729 0xdac11ec7 To 0x746e2034,Transfer 546.009729 0xdac11ec7 To 0x746e2034
0x67537648ddd0fa70cd20529e2d686edc2f6437a54a79ba6a662adb746c52a51f,Swap 100 0xdac11ec7 For 0.053209019550259627 0xc02a6cc2 On Uniswap V3,Swap 0.053209019550259627 0xc02a6cc2 For 100 0xdac11ec7 On Uniswap V3
0xb5dbb8b9d2df4ea6b80c8a990ab6ae504f9bf98f3d5db7380bda151c523c2492,Transfer 5000 0xdac11ec7 To 0xe0eafad2,Transfer 5000 0xdac11ec7 To 0xe0eafad2
0x1fc0ae4bf1538d4567139dd5111ddb8be274e0b2b0cc19acd3ee6f1c7937e5c7,Swap 11523603600 0x69821933 For 6.480982791497020629 0xc02a6cc2 On Uniswap V3,Swap 11523603600 0x69821933 For 6.480982791497020629 0xc02a6cc2 On Uniswap V3
0x6024bd8f88a4c5650aa5c421a2e9ad1e63e93a51d8cc369e5b2d02fec8b03216,Swap 0.25 0xc02a6cc2 For 14761.740118911508770168 0xc82ee7c2 On Uniswap V2,Swap 0.25 0xc02a6cc2 For 14761.740118911508770168 0xc82ee7c2 On Uniswap V2
0x4dd1c0afc1061bf3e75f0f04570659a5f097fcfc9fe62f9d8c533b61e2493732,Transfer 3.95829074 0x4a224675 To 0x428875ee,Transfer 3.95829074 0x4a224675 To 0x428875ee
0x7351621637b3e69af3d47e7498f7ec2670f1304cb346b04b63d720d586764230,Approved 0xc02a6cc2 For Trade On 0x11110582,Approved 0xc02a6cc2 For Trade On 0x11110582
0xa9ecd2e0598dd8bb0a9ac968679aaf656691d8408f7376169850521f61ca1649,Transfer 1264.94193 0xdac11ec7 To 0x787bc6ca,Transfer 1264.94193 0xdac11ec7 To 0x787bc6ca
0x3dcd9775462fcddd15635f1e0703f962bc418611c4964c45fa852cb2a2589837,Approved 0x6b171d0f For Trade On 0x00008ba3,Approved 0x6b171d0f For Trade On 0x00008ba3
0xd6bfc0ffcf7148b53d4a8b41d8fa7ecf44b67f863c02abb7bd0998e14bfed824,Swap 3.177061612055161571 0xc02a6cc2 For 1041.342627204885824561 0x1f98f984 On Uniswap V2,Swap 3.177061612055161571 0xc02a6cc2 For 1041.342627204885824561 0x1f98f984 On Uniswap
0xc99080fbe02b4d9cc515064e564dff1f4783a9a7b80ef36a0474333d0476a6b6,Approved 0x423f1eea For Trade On 0x00008ba3,Approved 0x423f1eea For Trade On 0x00008ba3
0x76da10f45208b8af348a540854ab6cf6b46f6e17b6f26355e2e7d7d1f5fc5433,Swap 14250 0x235c5726 For 0.109049659344233715 0xc02a6cc2 On Uniswap V2,Swap 14250 0x235c5726 For 0.109049659344233715 0xc02a6cc2 On Uniswap V2
0x595e08639b0241fb5ec298f5b97874c53f22532f9f23f58c42183ecb38175d38,Approved 0xdac11ec7 For Trade On 0xa7cab22a,Approved 0xdac11ec7 For Trade On 0xa7cab22a
0x4d6d5eecce4618cc82de075951277082be8080d3236660a74d89b113370ed9ec,Transfer 1162834.923022 0x95adc4ce To 0xacfa068b,Transfer 1162834.923022 0x95adc4ce To 0xacfa068b
0xf0a32fdcdbebe526ea146bc6978526bee5c3d4d288258668ce700659e7e231fa,Mint 1 of 0xe27b7153,Transfer 1 0xe27b7153 To 0xbeda43f6
0x7a34b191ddf397f37a19bb35598941aa74567d556a002e5dc64a889ffc8802a3,Approved 0xc02a6cc2 For Trade On 0x00008ba3,Approved 0xc02a6cc2 For Trade On 0x00008ba3
0x6b8b470079de82edb09eca22251c086d9265b64408231035849c348bdf7cf21b,Transfer 193.35498 0x3845a5d0 To 0xd91007fc,Transfer 193.35498 0x3845a5d0 To 0xd91007fc
0x6a6075faf8a0f85fa96ab5830c490e4f55df1b320b913b26678f4e260ff8895c,Swap 3000 0x6b171d0f For 3003.805724 0xdac11ec7 On Uniswap V3,Swap 3000 0x6b171d0f For 3003.805724 0xdac11ec7 On Uniswap V3
0xe018d28f40d74405970905de246786d7e04c54abf0569f3fe482b5c0d7997e8d,Transfer 357.9797 0xdac11ec7 To 0x17df0802,Transfer 357.9797 0xdac11ec7 To 0x17df0802
0x6239b2cde729c478aeb97b0abe5086ac591d9634415ec00f1ba05890a9d1a8e7,Mint 2 of 0x5848aca8,Mint 2 of 0x5848aca8
0x1176769509f9347e976a3b8602e756ad0e606adfe379b03b937c7562f9a4816f,Transfer 109.72133076 0x4d224381 To 0x0c8fc3d8,Transfer 109.72133076 0x4d224381 To 0x0c8fc3d8
0x28ca56a2bc836fa262dcc774b9535e3189ca2835e62e29e78b8daff9f9a000b6,Swap 5.49963035168338125 0xc02a6cc2 For 246234.923444477 0x5a3e1ad5 On Uniswap V2,Swap 549963.035168338125 0xc02a6cc2 For 246234.92344477 0x0.ai On Uniswap V2
0xb705e73c1bafbf1e1a6620a24451b0c280720595b6ce9c2bff1c925259caff6a,Approved 0xdac11ec7 For Trade On 0x00008ba3,Approved 0xdac11ec7 For Trade On 0x00008ba3
0x82e72093d4d5182467c4e8bf3ad4b5adc65bbd668b1c4f9b9c8dac78701aee8d,Mint 1 of 0x82d684fa,Mint 1 of 0x82d684fa
0x8d9cd5665b302f8bbd92e036b8adeb8dfa67971d2093135faee1d3880b2aa7f0,Transfer 2059.871245 0xdac11ec7 To 0x9917dd7d,Transfer 2059.871245 0xdac11ec7 To 0x9917dd7d
0xc9f952ec6863ff1dcd1b3ef32699c430c26bb03235c0d6bcd1f5f7821ed05bf6,Approved 0xc02a6cc2 For Trade On 0x00008ba3,Approved 0xc02a6cc2 For Trade On 0x00008ba3
0xb8790005c889f94b290f234bcea5984f5e1c6ee6c965749196e0d0da29e7df99,Transfer 123.343088 0xdac11ec7 To 0xdd022793,Transfer 123.343088 0xdac11ec7 To 0xdd022793
0x0bf77ecb801aa169904fcce5051b13b85a4fa9b0c7967122a3b744e51bbff10f,Approved 0xdac11ec7 For Trade On 0xdef15eff,Approved 0xdac11ec7 For Trade On 0xdef15eff
0x89c2127af06287f95f7daafbde92b4f98a81a6e8f326f8ca90e36c2853bad926,Swap 512135.94939571482158887 0xd96edeea For 0.57085103083363204 0xc02a6cc2 On Uniswap V2,Swap 512135.94939571482158887 0xd96edeea For 0.57085103083363204 0xc02a6cc2 On Uniswap V2
0x74d06447a3a45b7779d93c3bfb2b13503fcdb3be4069f0095edcaaede7cd820a,Approved 0xdac11ec7 For Trade On 0x1037ffc5,Approved 0xdac11ec7 For Trade On 0x1037ffc5
0x14a2c82b431741d611b9ce198894c974aa58f22e40242d8b20eb21a26f0699cf,Swap 0.573 0xc02a6cc2 For 86956997.393612140573604074 0xea4a19db On Uniswap V2,Swap 0.573 0xc02a6cc2 For 86956997.393612140573604074 0xea4a19db On Uniswap V2
0x16f452071a958a33799307de12154ada1921d44c20b550cc2c1935220e311f32,Mint 1 of 0xe27b7153,Transfer 1 0xe27b7153 To 0xc060cc14
0x0eb4b5dbdddace89b4b7b1ab469ba1d9019ac610387449520f53f1f752fe3cbe,Mint 3 of 0xd77fb495,Mint 3 of 0xd77fb495
0x46c52677a8d4b3092222e2d152cd2187c0b7cdb549a5f5f0431758500b88767a,Mint 3 of 0xd77fb495,Mint 3 of 0xd77fb495
0x7572eab9285f335dca21a56bebffddd8bef7e92929151cae8f930be38f882b1d,Mint 2 of 0xd77fb495,Mint 2 of 0xd77fb495
0xf48c3ecc230e28b672d36ef49dd84ee9719d96f0e1d4f1c41dacb960a6b10682,Transfer 49.5582 0xdac11ec7 To 0xe322a573,Transfer 49.5582 0xdac11ec7 To 0xe322a573
0x343eeed4dcb347b1dcaba2ba607f2bb22c701f6f7ad467f62ec6280fea02506c,Mint 10 of 0xc1dcbe2b,Mint 10 of 0xc1dcbe2b
0x8c121cf752b149f72a314893affd5000ef26a79b99ff2355b8e9b9b4fac2dc79,Swap 674737651577769783.107702419 0x6adb928f For 0.014174799398756959 0xc02a6cc2 On Uniswap V2,Swap 674737651577769783107702419 0x3016c6bf For 0.014174799398756959 0xc02a6cc2 On Uniswap V2
0x018d574856191c70826effa52799972188157f2a84cd7fb216a100b4e4fd1804,Transfer 200 0xdac11ec7 To 0xc2636642,Transfer 200 0xdac11ec7 To 0xc2636642
0x75a28691d8fbade4b4835dba01eb619416e39472614a717e32941c48c8e966fc,Swap 9050000 0x95adc4ce For 30.364688988894764962 0x8eb9de1b On Uniswap V2,Swap 9050000 0x95adc4ce For 30.364688988894764962 0x8eb9de1b On Uniswap V2
0x5a25c189075323ac1f17d7d283a7cfc2d455e238c6c18a0f5d14099564191487,Transfer 0 0x4677e5f3 To 0x48c0a7ff,Transfer 0 0x4677e5f3 To 0x48c0a7ff
0x9989821fcb7e2d248ea24a64b6fb2383449c6631e9e47428371fa9ebcb9f6ba6,Mint 1 of 0xbe93a826,Mint 1 of 0xbe93a826
0xa59e94e88ec46f8f3c8e582009b5c0872eaac8b9f6f4a86aacf2def3ee7eba73,Approved 0x0c7ab6d1 For Trade On 0xe2fe35fb,Approved 0x0c7ab6d1 For Trade On 0xe2fe35fb
0x7b436240a51cabc2ae93c2d96e2dafa70e8557f2e058ba28d1cde7846cda001c,Approved 0x69821933 For Trade On 0x00008ba3,Approved 0x69821933 For Trade On 0x00008ba3
0xee1f75b05561a98e2ae32db85ed28229cc5cf015b9415e9303b7d0b122927944,Mint 3 of 0xd77fb495,Mint 3 of 0xd77fb495
0x53a53a52be961ed1419cd07fcdb2854f5bd51ccf47a6bfd7e025005f71399e67,Swap 3.269041961468694712 0xc02a6cc2 For 1033.980453087779189058 0x1f98f984 On Uniswap V2,Swap 3.269041961468694712 0xc02a6cc2 For 1033.980453087779189058 0x1f98f984 On Uniswap V2
0x2b03d82a8321c41aafbcc9ac75dd60dafb762500159ab1893b4d7e8410f25090,Mint 2 of 0xd77fb495,Mint 2 of 0xd77fb495
0x0e8d0e90529ca909efda3c88b0f04895101b24cf20ea1f690b8791ab819e7aee,Approved 0x423f1eea For Trade On 0x00008ba3,Approved 0x423f1eea For Trade On 0x00008ba3
0x96e5cfdd591c07288586d0971ee0ee670aea27c43d4d21b33278dbc797dc10e3,Swap 65751.76959785 0x5a3e1ad5 For 1.255363811090703166 0xc02a6cc2 On Uniswap V2,Swap 65751.76959785 0x0.ai: AI Smart Contract Auditor For 1.255363811090703166 0xc02a6cc2 On Uniswap V2 For 0.99999999 0x5a3e1ad5
0x2e15cd1c964c73cfed213ae6e81a9220664460cd8b2034dd808f6d873fa41a8f,Approved 0x6b171d0f For Trade On 0x00008ba3,Approved 0x6b171d0f For Trade On 0x00008ba3
0xef3391438fe58fc4080ab5dc392a46dac08111b759f6f937291ada9439e9d484,Swap 0.49059633305747456 0xc02a6cc2 For 627228651.360896180782613325 0x423f1eea On Uniswap V3,Swap 0.49059633305747456 0xc02a6cc2 For 627228651.360896180782613325 0x423f1eea On Uniswap V3
0x04cf326a7680189c45df1c37c48b740953e8add26304143c2c17dcf6f02e4829,Approved 0x7d1aebb0 For Trade On 0x00008ba3,Approved 0x7d1aebb0 For Trade On 0x00008ba3
0x615321cd541c105dd7cf6808168fb8b062b54ba41186ee54b7a76dab9cc8aaf7,Approved 0xdac11ec7 For Trade On 0x00008ba3,Approved 0xdac11ec7 For Trade On 0x00008ba3
0xcca9db1e89dbccc7ed8003a9f464a378e43178432fc2f5962ec9e340e2f222de,Transfer 294.323891 0xdac11ec7 To 0x7563ab0f,Transfer 294.323891 0xdac11ec7 To 0x7563ab0f
0x28e806d27670c4d8ef02ade150d6cd5026977912e273df37e395f072d8c6192f,Mint 1 of 0xe27b7153,Mint 1 of 0xe27b7153
0x100ee861b64c33c2caeec985ab02ba6eff07706f7d6a69cc8ca28bf5566aa59b,Transfer 729.962668 0xdac11ec7 To 0x98d6eb41,Transfer 729.962668 0xdac11ec7 To 0x98d6eb41
0xc86069b736040d2ad8657721b14d5faded73cea07b30995c2819d581c2783873,Approved 0x57f1ea85 For Trade On 0x1e003c71,Approved 0x57f1ea85 For Trade On 0x1e003c71
0x05b0bf1058b27d5975cd0c5e898066402bfed46ccaadaef73a7c6a113c11d1ea,Mint 3 of 0xd77fb495,Mint 3 of 0xd77fb495
0x4e8c90fa87694d3b4cefcc3f735470a82a6cfff4a9b2dfc1fb4db75e6613845e,Transfer 23214170 0x06456fb8 To 0xc74a7fe1,Transfer 23214170 0x06456fb8 To 0xc74a7fe1
0x3ba6e16a808c4bdcfcbf1d37ec132695c29a9b7c1b949ff43345dd79c7a46fa1,Swap 0.897726470707740672 0xc02a6cc2 For 320291.93601024 0xe0f6c56c On Uniswap V2,Swap 0.897726470707740672 0xc02a6cc2 For 320291.93601024 0xe0f6c56c On Uniswap V2
0x3ac2d9f6b6516afc003ab9ae1d8cf98a01d6704064581785486167ce8814f4e8,Transfer 88690 0xdac11ec7 To 0xc94af673,Transfer 88690 0xdac11ec7 To 0xc94af673
0x5dc6626cc8f40b63a425310972bbfb4502066bd47587096771aad12966baf134,Swap 165979.43718671 0xe0f6c56c For 0.459604299451386556 0xc02a6cc2 On Uniswap V2,Swap 165979.43718671 0xe0f6c56c For 0.459604299451386556 0xc02a6cc2 On Uniswap V2
0x1cbce0cb892bdb3e88cf6c7cc9116e3c77ffcd3105f7274f13105bdeb0bff383,Transfer 53975228075.677361029259718963 0x5c55052a To 0xe0e0a2cb,Transfer 53975228075.677361029259718963 0x5c55052a To 0xe0e0a2cb
0x6be28f5559edb12b128a0dd827999b2639b49109e67e0d14f1fdac151052fc2a,Swap 0.5 0xc02a6cc2 For 431088402.432780410936475989 0x423f1eea On Uniswap V3,Swap 0.5 0xc02a6cc2 For 431088402.432780410936475989 0x423f1eea On Uniswap V3
0xb8ee3d177d5c6f9d483dc11a5996bc92764b6422f9bc93534df66ed0c2b75e33,Mint 3 of 0xd77fb495,Mint 3 of 0xd77fb495
0x1c0716ce2c1bf5dba695c865eec872edbf9934292cc753dd8860970330e12dce,Transfer 524.157082 0xdac11ec7 To 0x7f907c7f,Transfer 524.157082 0xdac11ec7 To 0x7f907c7f
0xa8c8521797dac371ab71f4e7cb5356461cf9faebe4d497f37f94f09c5e664bab,Approved 0xdac11ec7 For Trade On 0x00008ba3,Approved 0xdac11ec7 For Trade On 0x00008ba3
0x29573f6995a1e266425e1c2ac044ac20e6c86d5871b2348b8e402440fb3a92a5,Transfer 51.581459656728332643 0x7d1aebb0 To 0xe09497fe,Transfer 51.581459656728332643 0x7d1aebb0 To 0xe09497fe
0xda93e0e4351856a459a381089ca99cc95d7072bcbc2a6fb25426c6361680a19e,Swap 100 0xdac11ec7 For 0.054055147287379231 0xc02a6cc2 On Uniswap V3,Swap 0.054055147287379231 0xc02a6cc2 For 100.0000000 0xdac11ec7 On Uniswap V3
0x53d0d4c2c28d32d6cffd4074398f0fba9664bea80ce3be8af50f0f32ce5b9cd4,Approved 0xa6282372 For Trade On 0x00008ba3,Approved 0xa6282372 For Trade On 0x00008ba3
0x5e05df7949e642bff812eb4d1c7ad2eaef3da638b063752f6c497892e7092671,Mint 1 of 0xbe93a826,Mint 1 of 0xbe93a826
0x4ddb05addea64ed8086e5f7df1838aaa30afb147dd9aead788ce25b7658ff6b1,Swap 0.044668051130415644 0xc02a6cc2 For 9265450.582071638 0xa6282372 On Uniswap V2,Swap 0.044668051130415644 0xc02a6cc2 For 9265450.582071638 0xa6282372 On Uniswap V2
0x941708516c154a6ae3e0c91d0b7a643e889a35f6e616463992686bf18c9ce72f,Approved 0x4d224381 For Trade On 0x37ede9b2,Approved 0x4d224381 For Trade On 0x37ede9b2
0xe71bfe583671480499ecea3add118279914625473841cf0998d822590123ba33,Approved 0x95adc4ce For Trade On 0x1a1cc097,Approved 0x95adc4ce For Trade On 0x1a1cc097
0x9dd014abb2ecc8e46d3ce5a3feb493e93e5dc4bf6261a16db98c1b3cf4170711,Swap 500 0xdac11ec7 For 0.286513334973059505 0xc02a6cc2 On Uniswap V2-Swap 0.286513334973059505 0xc02a6cc2 For 25313.948851151785977153 0xc82ee7c2 On Uniswap V2,Swap 286513.948851151785977153 0xc02a6cc2 For 0.286513334973059505 0xc82ee7c2 On Uniswap V2
0x13d653d5aeb5271c283cb43d822b71e13c2001589a1af69bed373e30598d3347,Approved 0xdac11ec7 For Trade On 0x11110582,Approved 0xdac11ec7 For Trade On 0x11110582
0xc627b4f382bc810fac449b2fd93fb4620723d4a6329b9cc26fc8594286fdeaf5,Swap 0.842 0xc02a6cc2 For 4247.432992568580770296 0x6e970a5d On Uniswap V3,Swap 0.842 0xc02a6cc2 For 4247.432992568580770296 0x6e970a5d On Uniswap V3
0x10480e4a8a252bebe9b22ca25f0766b6bd550b7a770ab5f3a515e211c72737e4,Swap 0.542942545040258962 0xc02a6cc2 For 1000 0xdac11ec7 On Uniswap V3,Swap 0.542942545040258962 0xc02a6cc2 For 0.548371970490661551 0xc02a6cc2 On Uniswap V3
0xa894bd21e9157c33ff1a8fec3627c13452da68dbd2d7d5657e13b6d0718eafcd,Mint 3 of 0xd77fb495,Mint 3 of 0xd77fb495
0x2dbed5f0413400ad7cda9d5515213bdbdb6977421991cc6e17a0a6e1a9779138,Approved 0x6b171d0f For Trade On 0xdef15eff,Approved 0x6b171d0f For Trade On 0xdef15eff
0x774fb04ae9ace7a8f3a3236a1f7d96b7f741f97b7377eb7f13fa310a6ca0dc30,Transfer 195.832513 0xdac11ec7 To 0xf2cce7de,Transfer 195.832513 0xdac11ec7 To 0xf2cce7de
0xd046e3aed2f2348adab6dfc4a5253aa00bd974ef9c9422963b5d1ba5467ef7ac,Mint 1 of 0xbe93a826,Mint 1 of 0xbe93a826
0x69195c7e6c462500590bb1dc3d6864f864bb38c77edb0230e956a7be9c52734b,Transfer 46851.34 0x3845a5d0 To 0xbc77410c,Transfer 46851.34 0x3845a5d0 To 0xbc77410c
0xf1855df221e8a09358ecdad53b985ddaf8cf220125ccf24ee26ab018c0be1f5d,Swap 900000000000000.001848572 0xd90d3cd3 For 0.071505197143734332 0xc02a6cc2 On Uniswap V2,Swap 900000000000000.001848572 0xd90d3cd3 For 0.071505197143734332 0xc02a6cc2 On Uniswap V2
0x1c8dd213aa0075051b259d1772677d01f9e1739300bf1cdef3e699b1b906e507,Swap 4.83 0xc02a6cc2 For 6122613673.844498105762325481 0x423f1eea On Uniswap V3-Swap 2.07 0xc02a6cc2 For 2612212216.94908268056521743 0x423f1eea On Uniswap V3,Swap 6.9 0xc02a6cc2 For 2.07 0xc02a6cc2 On Uniswap V3-Swap 6122613673.844498105762325481 0x423f1eea For 4.83 0x423f1eea On Uniswap V3
0x4611df9cbf403ce4ffab2f2604daba5667cb830a06904dd5255f7fae810574a8,Mint 1 of 0xd77fb495,Mint 1 of 0xd77fb495
0x3dba7e9a9fe87d192794b7e961f483163e8af0a81ec96194d6c326b8516e9640,Mint 3 of 0xd77fb495,Mint 3 of 0xd77fb495
0x1f785c219de6ab4f799574d43952b6bb722be44ed6acbe5fc2871bef00d82b7b,Mint 1 of 0xbe93a826,Mint 1 of 0xbe93a826
0xae31182056495d531b5ad6d098923e8b0162896f46726334dbed99d06df71106,Transfer 6.44 0xdac11ec7 To 0xf69afc38,Transfer 6.44 0xdac11ec7 To 0xf69afc38
0xb9510f67abc57f84538bea5fa85bcb3acfcf719dca68288f9bb34846b4aff921,Transfer 299.3 0xdac11ec7 To 0x95cf6f29,Transfer 299.3 0xdac11ec7 To 0x95cf6f29
0xf54f3fac41b65fdebeade35785dd00a30643a94de5d7b30e26d7440dc8f30ccc,Mint 3 of 0xd77fb495,Mint 3 of 0xd77fb495
0xf684d73cbf47bee77159582772f8e18ce0b7800288935b57aa6348f68e7afdb0,Mint 1 of 0xe27b7153,Mint 1 of 0xe27b7153
0x41f73748c9c918d19e144601a272049b77699541e4657785b717b60e1fbbb3fa,Swap 6814793.146998184 0xa6282372 For 0.05776041732419216 0xc02a6cc2 On Uniswap V2,Swap 6814793.146998184 0xa6282372 For 0.05776041732419216 0xc02a6cc2 On Uniswap V2
0x5099e0ecf65f4772b4d9569e734dfd92d4cc65e088b94533fa1bfd71a99a3021,Swap 0.08 0xc02a6cc2 For 42389377709.168053181560670761 0x97782655 On Uniswap V2,Swap 423893777091680531815606707 0x97782655 For 0.08 0xc02a6cc2 On Uniswap V2-Swap 0.08 0xc02a6cc2 For 41965483932.076372649745064054 0x97782655 On Uniswap V2
0xd1a82df7a62dafa6c1f8954b7fcf39212fb9113bb5db01ac3c951ec84ab64375,Transfer 190 0xdac11ec7 To 0xf08bb528,Transfer 190 0xdac11ec7 To 0xf08bb528
0x19b587afb0bdbdf71b306c5fc1ff249e75cc30acf4a4aef42bb5501fbcc47c39,Mint 1 of 0x8ea1fb10,Mint 1 of 0x8ea1fb10
0x96ad7e961a2071063d54c21536ce9332c951c50de20bc6421852cacc9eca389b,Approved 0x4d224381 For Trade On 0x37ede9b2,Approved 0x4d224381 For Trade On 0x37ede9b2
0x2f34c7d69bc30c38cda1d5a5e94028106d622722459d7f8f8cfefd01e3c0f766,Mint 1 of 0xcc71718e,Mint 1 of 0xcc71718e
0xeb0c699ed588aef180423fa446362ce1fa7a601402768f46579497d1fe411b92,Mint 3 of 0xd77fb495,Mint 3 of 0xd77fb495
0xe66811c01eb0e3ef7d0e24d58002590ac85a71534814f3e5603907bb911c797f,Mint 1 of 0xbe93a826,Mint 1 of 0xbe93a826
0x378e93d691db07e61064f77ecd738865df8dd325c69a64079b7e9dbdd043753f,Swap 0.017213703340056545 0xc02a6cc2 For 100000000000000.005546393 0x8e45189b On Uniswap V2,Swap 0.017213703340056545 0xc02a6cc2 For 100000000000000.005546393 0x8e45189b On Uniswap V2
0x29c9da80f581e03ce4bd72f8f68a98f7efd36d55cf8ada41f05e9dae6c5bb75d,Approved 0xdac11ec7 For Trade On 0xa7cab22a,Approved 0xdac11ec7 For Trade On 0xa7cab22a
0x18565982a00abf33c6c84d259c7a5d62ea103752332479126809d34396089dd2,Mint 1 of 0xbe93a826,Mint 1 of 0xbe93a826
0xd1cd47d10f37bd1b1aca5e096683cd81a89a302a096c7cdd46d92a4f4e956ba3,Swap 66.488751715117072384 0x7fc6dae9 For 2.322725869323631641 0xc02a6cc2 On Uniswap V3,Swap 66.488751715117072384 0x7fc6dae9 For 2.322725869323631641 0xc02a6cc2 On Uniswap V3
0x3d508595da4c542bb38fafcd111472d774f29a1489b70e832dbe2673ac6ab07b,Mint 3 of 0xd77fb495,Mint 3 of 0xd77fb495
0x37d4e8f4a9589f80a4cf88e273b95ca5ff0a0110fb9667dd473e051921224028,Transfer 856.68 0xdac11ec7 To 0x3b23920b,Transfer 856.68 0xdac11ec7 To 0x3b23920b
0x5199c195f633d092694cb975fbf7c72bbf41a4073a7a52e704a771bf16636e9c,Swap 35202.031325395676475193 0x8570cc34 For 0.658078823583305143 0xc02a6cc2 On Uniswap V2,Swap 35202.031325395676475193 0x8570cc34 For 0.658078823583305143 0xc02a6cc2 On Uniswap V2
0xcd443f950e3ee6a1ad21f2f1e681a2cdfd1073cf81caf82ef5d3569a0c8d8050,Mint 3 of 0xd77fb495,Mint 3 of 0xd77fb495
0x179ff29b9110b2251990195ed11f1c399dbe7e12580a5575dd8c7a56d0b4cbfa,Swap 173559307.747810836596003961 0x365f58dc For 1 0xc02a6cc2 On Uniswap V2,Swap 173559307.747810836596003961 0x365f58dc For 1 0xc02a6cc2 On Uniswap V2
0xf1d6c76f23f9a9116bdf8aa19207e95e313cb9cfa84b50869f3bdce5c0c052fb,Mint 3 of 0xd77fb495,Mint 3 of 0xd77fb495
0x4200ab294a2a28f050b991940ec1712826eae77a447d61550223a98e48cfe47d,Transfer 135.05 0xaedf7064 To 0xd268fe7b,Transfer 135.05 0xaedf7064 To 0xd268fe7b
0x6943a1b45a4233a31f1b3714655fa9f22a65f5b137dabd940cdd49ec1cc997ec,Swap 0.109474039039539947 0xc02a6cc2 For 200 0xdac11ec7 On Uniswap V2,Swap 0.109474039039539947 0xc02a6cc2 For 200 0xdac11ec7 On Uniswap V2
0x8d4abe5af3e71ae4649d7e9e9d2688187032adf034684a5831a8b910ec82264b,Mint 3 of 0xd77fb495,Mint 3 of 0xd77fb495
0xf899ef75e022505be7597458fd8d41455bbdb4ef38f5ff25243da1e35231bb49,Approved 0xdac11ec7 For Trade On 0x54271820,Approved 0xdac11ec7 For Trade On 0x54271820
0xc26053546e1544223b01cfd7ac3b442c2db35efc0d069464905b3dc229f577e2,Approved 0xdac11ec7 For Trade On 0x1715a10d,Approved 0xdac11ec7 For Trade On 0x1715a10d
0x70b69264575ec8f35bf91440da5acc5dfc46ee2303d542cf4a3b95ebbb1aa5c0,Mint 3 of 0xd77fb495,Mint 3 of 0xd77fb495
0xa32b3f94d910322e552c0a29bb9e8b9ac9d2f4b1e92a73be0e7762bfe486c2b9,Mint 3 of 0xd77fb495,Mint 3 of 0xd77fb495
0x42e8f64f73bf0a371fdf5c0a89918dc92f95cfd56930e248ebbc1b6c085d66c2,Approved 0xdac11ec7 For Trade On 0x2a5c180b,Approved 0xdac11ec7 For Trade On 0x2a5c180b
0x8aad0c27fec5a18b5683baddb74470ee0b0c5fef95cb24a10b6e46fcc17320f5,Swap 627228651.360896180782613325 0x423f1eea For 0.497999758519704267 0xc02a6cc2 On Uniswap V3,Swap 0.497999758519704267 0xc02a6cc2 For 627228651.360896180782613325 0x423f1eea On Uniswap V3
0xe0d970b37019adcfdc00692ccbb1100b0dd3166c6e15ea6b1ccb81b61352a121,Swap 321480487.3627077 0x423f1eea For 0.321233328854764544 0xc02a6cc2 On Uniswap V3-Swap 0.321233328854764544 0xc02a6cc2 For 417639556.947213630802579557 0x69821933 On Uniswap V3,Swap 321480487.3627077 0x423f1eea For 0.321233328854764544 0xc02a6cc2 On Uniswap V3-Swap 0.321233328854764544 0xc02a6cc2 For 417639556.947213630802579557 0x69821933 On Uniswap V3
0x90fcb9fd056514d521afb10b22e9e835844a403f45ca9c78a2b126143917b538,Transfer 136.318367 0xdac11ec7 To 0xd0ba97c6,Transfer 136.318367 0xdac11ec7 To 0xd0ba97c6
0x9a83fd3baa25005f1c5357a03393ff2e21418b91337b11cdcc198479b67585db,Swap 3405.435846553505787167 0x7000ca54 For 0.052408212835407302 0xc02a6cc2 On Uniswap V2-Swap 464.883212988078594057 0x7000ca54 For 0.007151551723119101 0xc02a6cc2 On Uniswap V2,Swap 3405.435846553505787167 0x7000ca54 For 0.052408212835407302 0xc02a6cc2 On Uniswap V2
0x2195fdd997471080c1683949154d415002ea925878cec19162b7c113426830af,Transfer 2009.027018 0xdac11ec7 To 0x52b34cff,Transfer 2009.027018 0xdac11ec7 To 0x52b34cff
0x2799742118acbb363b462b4266c6fe91a30420d6bad14b420ad0b1de0a346907,Approved 0xdac11ec7 For Trade On 0x1111097d,Approved 0xdac11ec7 For Trade On 0x1111097d
0x76cc87f384921549fab982cc4da42617398b541636198f8feaa74c6385d55976,Swap 28800000 0x230fa68f For 0.278327305358872467 0xc02a6cc2 On Uniswap V2,Swap 28800000 0x230fa68f For 0.278327305358872467 0xc02a6cc2 On Uniswap V2
0x67843bbd09a48e53b074c5da12d5822bcdf0d70412de6e05ee61fbd3b1d37f35,Approved 0x423f1eea For Trade On 0x00008ba3,Approved 0x423f1eea For Trade On 0x00008ba3
0xff27aa83f04939f5eed47cbe41d447d4d0c218485e2e73c700c9b8fbaee281ea,Swap 0.500000196318709087 0xc02a6cc2 For 2359.540245308985233053 0x1936498a On Uniswap V2,Swap 0.500000196318709087 0xc02a6cc2 For 117.977012265449261652 0x1936498a On Uniswap V2
0x5355ea7ad51fc701347df93dd9a3adaa82607f17143a62394eed7737f4bc3355,Approved 0xdac11ec7 For Trade On 0x1d556520,Approved 0xdac11ec7 For Trade On 0x1d556520
0xfae373d72609c3177cc795301bbea2a32cbabdc534a2edd0a89153ac051a9688,Transfer 629 0xdac11ec7 To 0x3661d931,Transfer 629 0xdac11ec7 To 0x3661d931
0x2aafbc6a3872030c9a799606521e72cfd98b37e0419716dc6307a234c210c478,Transfer 7761.9150658 0xb6215206 To 0xa47e442a,Transfer 7761.9150658 0xb6215206 To 0xa47e442a
0x5cfe3b4d7b3f9f184b58f2cc3c8c0b55f9efb4e6d7ce6710119cd179561ee90d,Swap 0.1 0xc02a6cc2 For 1294.784003957333667161 0x1fde5fab On Uniswap V2,Swap 0.1 0xc02a6cc2 For 1294784003957333667161 0x1fde5fab On Uniswap V2
0x89ae2c70af57598b17634373b7e2cdc445f9ca6b99ebf0acebd8a168151637ba,Mint 2 of 0xd77fb495,Mint 2 of 0xd77fb495
0xd868718b6956e04d22b961b5bc8712dfe114c5244a988f8728b9298a0665722d,Swap 0.467 0xc02a6cc2 For 15584.534255202912007818 0x4410f82f On Uniswap V3,Swap 0.467 0xc02a6cc2 For 15584.534255202912007818 0x4410f82f On Uniswap V3
0xf794fdb5d321470d16a60c2041be9f5f1fa43248632027168ad0114fedc7a52e,Approved 0xdac11ec7 For Trade On 0x7a25488d,Approved 0xdac11ec7 For Trade On 0x7a25488d
0x38ff5e693b722d62a212034c6318335171fb4ea8261b2d1943f69e5f61a517e1,Approved 0xc02a6cc2 For Trade On 0x1e003c71,Approved 0xc02a6cc2 For Trade On 0x1e003c71
0x9d01a3e0698590a241f8da84de01c90474da86cfcd93add5a9a6d9f834e63721,Transfer 417.92 0xdac11ec7 To 0x4c589a0b,Transfer 417.92 0xdac11ec7 To 0x4c589a0b
0xe66325f42a365eda1a8fff840c6e18fb52f40873dc5bbe8e297a20331ce96c74,Transfer 156582.81933439 0x115e478e To 0x30743851,Transfer 156582.81933439 0x115e478e To 0x30743851
0xae14d1b31cb18af979968dc24e55331ebe7e94d4a66e44d0c4cf58d890e81a3d,Mint 1 of 0x3820bb47,Mint 1 of 0x3820bb47
0x8090e472383827c3acda8a605456d5fb941b80b2d740eb52dd877d96fc865264,Transfer 2.434364240869475854 0x58b6b239 To 0x0d0792fe,Transfer 2.434364240869475854 0x58b6b239 To 0x0d0792fe
0xe49e935c615dad876b4bc608cdc0847cd5cc6a78d5da8e479949ac117101fc6a,Transfer 60 0xdac11ec7 To 0x71c59136,Transfer 60 0xdac11ec7 To 0x71c59136
0xa9d3777c0892f337e5ce37d9cf417e6dd31e4d83dce2a65b3497678f549cf277,Approved 0xc02a6cc2 For Trade On 0x00008ba3,Approved 0xc02a6cc2 For Trade On 0x00008ba3
0xd6106590c45285aa066f25381fd023b5a7eb0d64218075e303175b9484fcc9ba,Transfer 375 0xdac11ec7 To 0x010da3ed,Transfer 375 0xdac11ec7 To 0x010da3ed
0xa6a0e036ca2057007a73d473c9176e9db4b728bd87f4b991e70843e49422468b,Swap 0.8 0xc02a6cc2 For 1308654169.870700768667017911 0x69821933 On Uniswap V2,Swap 0.8 0xc02a6cc2 For 1308654169.87070076866701791 0x69821933 On Uniswap V2
0x6d9357fc6169172073efec27583ae71cfc8c537d05b00d5951b36924cb44cd1a,Mint 1 of 0xe27b7153,Transfer 1 of 0xe27b7153 To 0xc2827f5e
0x8e0b75b63883401046e4fea35b3bcc658d3448f37d0f8c9ceaff8451e62febd0,Approved 0x2260c599 For Trade On 0x3a2397a5,Approved 0x2260c599 For Trade On 0x3a2397a5
0xc51e9b7422e0235cbebabc361d6bb6760a1daf8d8b233373876a547614c7e4da,Mint 1 of 0x26e2e48a,Mint 1 of 0x26e2e48a
0x85f10a89a22dd663a50a2b60ef2c8dda97b4c08bc8ebe322e82eb73778cee546,Swap 268963430.666667 0x423f1eea For 0.433193381981942138 0xc02a6cc2 On Uniswap V2,Swap 268963430.666667 0x423f1eea For 0.433193381981942138 0xc02a6cc2 On Uniswap V2
0x91d3eb117a44969e88b7a7e21285ab86c7dbe04bafb6077fc45047d21bef7c89,Approved 0x3845a5d0 For Trade On 0xa7cab22a,Approved 0x3845a5d0 For Trade On 0xa7cab22a
0xab4849c0ec0d0b23ecddecf7a1951f33ce0e28d44061e1fb454e4ad85251c039,Swap 320246.56150528 0xe0f6c56c For 0.904030019505732665 0xc02a6cc2 On Uniswap V2,Swap 320246.56150528 0xe0f6c56c For 0.904030019505732665 0xc02a6cc2 On Uniswap V2
0xea3e07784f456416bfd752e6b8e91520836a7e3b78073a012fc3dc5b1e15a909,Mint 1 of 0xea202a86,Mint 1 of 0xea202a86
0x2a9032792953159930ea7a09e4bd7a1bd268bed2b2f86e81e1f43f2cd5358043,Approved 0x4964c68f For Trade On 0x00008ba3,Approved 0x4964c68f For Trade On 0x00008ba3
0xce42d3cbd2d48e8c4781f3367e8ce0f791eca158619ec6737aec4c5702822a89,Mint 3 of 0xd77fb495,Mint 3 of 0xd77fb495
0x74cdb8722933f21cc7e977d953a72afab1e1352937b3505585b75253cb7d8ed5,Mint 1 of 0xe27b7153,Mint 1 of 0xe27b7153
0x3b2fcd8e12c6ca4ac656645326534c2a59612454cce857f2b1c494baadc22c18,Swap 2 0xc02a6cc2 For 3121116572.511973076924911389 0x69821933 On Uniswap V2,Swap 2 0xc02a6cc2 For 3121116572.511973076924911389 0x69821933 On Uniswap V2
0xa772788bc3065508f196437795cf68430cebcf80efb8ec9fa29d74e43333cac3,Mint 2 of 0xd77fb495,Mint 2 of 0xd77fb495
0xeb45fddd7cfe8716314f450dba8f80d17e8300e9227317c843c9ea32ba790d45,Approved 0xdac11ec7 For Trade On 0x613137b5,Approved 0xdac11ec7 For Trade On 0x613137b5
0x0588dabb5d556bbf226d3272dc417cb46517889e688e786f120ee492096a3254,Transfer 11000 0xdac11ec7 To 0x1b25b494,Transfer 11000 0xdac11ec7 To 0x1b25b494
0xc28c3b1cb1d7faaef5f15e7a063b7f4ab6ff9624849978c1a18f1ec708038930,Mint 3 of 0xd77fb495,Mint 3 of 0xd77fb495
0x7dcc792c1e61704049b315f2ac3b3f77acbaa7e4ff6a078634fce76156860d24,Approved 0xdac11ec7 For Trade On 0x98197140,Approved 0xdac11ec7 For Trade On 0x98197140
0x1fa324ffbf4b0798b8a885b4fe8753f8ea590260ea9f8573d3ed3818b16f409c,Mint 3 of 0xd77fb495,Mint 3 of 0xd77fb495
0x70693b434c553132a218d3dbac6a05de35c0eb566dbbdb20fe8122ca9339fe0e,Mint 1 of 0xe27b7153,Transfer 1 0xe27b7153 To 0xb51f3d77
0x22bba142c5c46d1aa3633a7624e9cb908e8785d43e1f6c758eed44b45998e1f8,Approved 0x21b52e0f For Trade On 0x0000fe3d,Approved 0x21b52e0f For Trade On 0x0000fe3d
0x4de036d84642fdc062939d51b30437707dc3d1523f8aed66e734d2fff8516351,Transfer 750 0xdac11ec7 To 0x4490efad,Transfer 750 0xdac11ec7 To 0x4490efad
0x2fe3a682b1df0f2ca069f2bc77a6dabcef646e7327043900d246f427b11fb535,Approved 0xdac11ec7 For Trade On 0x1a1cc097,Approved 0xdac11ec7 For Trade On 0x1a1cc097
0xc9697381dd43ad017c157e4b0029934fe60b6423017dbc1f525024e863818391,Swap 6 0xc02a6cc2 For 11088.891978 0xdac11ec7 On Uniswap V3,Swap 6 0xc02a6cc2 For 11088.891978 0xdac11ec7 On Uniswap V3
0x5ae71ef1fcbb32c6248bc2a47b6aadaea0bb0dc51a67c7917493dcd6a4d8446b,Mint 3 of 0xd77fb495,Mint 3 of 0xd77fb495
0x81a7aab0433b130cb6d27491939d6da760f58ca0d183c7164bf9a55d31a69cdf,Transfer 1410.6 0xdac11ec7 To 0xbe183361,Transfer 1410.6 0xdac11ec7 To 0xbe183361
0xf5252d80a14907a15c5aaa0d5c2f7dc1b236945503f2e4cd9c85372a2748bf9c,Swap 42237680.351571424 0xa6282372 For 0.611030885121070631 0xc02a6cc2 On Uniswap V2,Swap 42237680.351571424 0xa6282372 For 0.611030885121070631 0xc02a6cc2 On Uniswap V2
0xe8b20c856da9fea903bf0917278c3fb8a0075175b45f80a20c679fd51e8640b6,Mint 1 of 0xd77fb495,Mint 1 of 0xd77fb495
0x1a3f4e22d64d686282057542946d4544a5bd91e589c04189a8b65caaa6255d3b,Approved 0x9bf1702e For Trade On 0x00008ba3,Approved 0x9bf1702e For Trade On 0x00008ba3
0xe9b27318076801a451e85e5c700b51117012b4d07e0e28ad07b8b41a3b9bb853,Transfer 500.118595 0xdac11ec7 To 0x74aa6828,Transfer 500.118595 0xdac11ec7 To 0x74aa6828
0x06d5a8fa890f3b424888ce124d66780067be4267a7dd691d896115494e9d6e48,Approved 0xbc633633 For Trade On 0x71b57641,Approved 0xbc633633 For Trade On 0x71b57641
0xabdca7d9ea179011971997d684f5a0d66b7704715ccb1e39ab00e1ee0dcc6aec,Transfer 5 0xdac11ec7 To 0x044c67c3,Transfer 5 0xdac11ec7 To 0x044c67c3
0x0eb5ea5aa8aec927ec583803ff3255525f65c2309356ba59154d409a60befb90,Mint 3 of 0xd77fb495,Mint 3 of 0xd77fb495
0x1f88a238e0b9daac191c8da7cb3d8685d5958f2991bdfd220cabe2ae96bfd73c,Mint 3 of 0xd77fb495,Mint 3 of 0xd77fb495
0x8c5da0ef6669fd81fd66fdfb68140b1070d49b06953310f23e69eb0f44f30fd8,Transfer 60 0xdac11ec7 To 0x301820d1,Transfer 60 0xdac11ec7 To 0x301820d1
0xb924c01e503c3b6205486003ecb6627ef50edbff3a4190cef90bf9ef879f18b7,Approved 0x1358211f For Trade On 0x881d300c,Approved 0x1358211f For Trade On 0x881d300c
0x2e5e50d7d91ea208d449d8be224c671256c61a8e66058d22654153aa3725688d,Swap 4393174.599 0xa6282372 For 0.079887014400609319 0xc02a6cc2 On Uniswap V2,Swap 4393174.599 0xa6282372 For 0.079887014400609319 0xc02a6cc2 On Uniswap V2
0x71575146a5d0d70377295d8467c4fbf78835980d738b5bbbb50bbfc03b8051d7,Approved 0xdac11ec7 For Trade On 0xf88311c3,Approved 0xdac11ec7 For Trade On 0xf88311c3
0x7aff40106f9e2dd7340b3c33b61d50212e29f63a19f03c4748e0b032c181bfbf,Swap 1 0xc02a6cc2 For 54902640.591427109 0xa6282372 On Uniswap V2,Swap 0.54902640591427109 0xa6282372 For 1 0xc02a6cc2 On Uniswap V2
0x398d952da1ae515c5a007ddc883b0627bc291eb78eb744fea19d911c58cc286a,Transfer 29993.1525 0xdac11ec7 To 0xc79e37df,Transfer 29993.1525 0xdac11ec7 To 0xc79e37df
0x21daf73f5354f37799783f974f2d33dbd340dbb5f49292656c0e9fda9833f63f,Transfer 702.62772078 0x5a981b32 To 0x787f46f3,Transfer 702.62772078 0x5a981b32 To 0x787f46f3
0x1f4c24d1e259d6289329a628a4d8dbb29653894bc60f6cf0c8d0e5e85899262e,Mint 3 of 0xd77fb495,Mint 3 of 0xd77fb495
0x9fcf1a4a11882e3ab617eb569a8360816021ec4c577d69d0cdb4115b12d0605a,Swap 0.36 0xc02a6cc2 For 39069774.589495735 0xa6282372 On Uniswap V2,Swap 0.36 0xc02a6cc2 For 39069774.843600835 0xa6282372 On Uniswap V2
0xea72025876ebc0c6ac25641aed68fc876f47b0565004299d55a4451d15baa55b,Mint 2 of 0xd77fb495,Mint 2 of 0xd77fb495
0x184e57825a322b6bba20609b32e04e4aeccfb0c1ea87302b55b25919ee217561,Transfer 8785 0xdac11ec7 To 0x16892000,Transfer 8785 0xdac11ec7 To 0x16892000
0x769a253b4ef0a32f2e1488b559ed188427604ec5bc573fbb2299fc27b2acfe10,Transfer 171381 0xdac11ec7 To 0x3a30d619,Transfer 171381 0xdac11ec7 To 0x3a30d619
0xebc31e965fad6b5e5d80b759551937f9fa01a4fba1804ba2db9f8e6034b1f9f6,Swap 0.053 0xc02a6cc2 For 3174225925.170422960372293225 0xa71d4974 On Uniswap V2,Swap 0.053 0xc02a6cc2 For 3174225925.170422960372293225 0xa71d4974 On Uniswap V2
0x34c8093a65eb9c977699ec90521644a46ea35d41c8d52b9b101960cab5a64778,Transfer 5328.712227 0xdac11ec7 To 0x167ba058,Transfer 5328.712227 0xdac11ec7 To 0x167ba058
0xca37366838b8ad3c3e9eb967d5fb4f9a908ecfd6be59fbbb00adfeaac6506bc9,Swap 0.032 0xc02a6cc2 For 128528.60235402828752721 0xab39840d On Uniswap V2,Swap 0.032 0xc02a6cc2 For 12852.8602354028287527210 0xab39840d On Uniswap V2
0x5be59f16c53d4439eb15e37f7262d7eba25bbf8bb31753bdc5d20e5004befabd,Transfer 1716.620384 0xdac11ec7 To 0xdf8812da,Transfer 1716.620384 0xdac11ec7 To 0xdf8812da
0x410138cab745007f7bf670fbe1f56409ea2fb1c659bb6062d9aebd2d6785b56c,Approved 0xdac11ec7 For Trade On 0x12314eae,Approved 0xdac11ec7 For Trade On 0x12314eae
0x18bb84250ebb65a3fb528fd041be6fe2512c9bebf02359c945a6177e274741c7,Approved 0xdac11ec7 For Trade On 0xdabe70bb,Approved 0xdac11ec7 For Trade On 0xdabe70bb
0xec4ae23f2643267046b83373a517c457aadd0ac7e36c9d6ec3a2e192e8729754,Transfer 245.2 0xdac11ec7 To 0x7563ab0f,Transfer 245.2 0xdac11ec7 To 0x7563ab0f
0x4e718e21e6ea66e05befffb2b84e0066bbd5a0eadeb34eebf13b51040fa75b5a,Transfer 3546.2 0x6b171d0f To 0xe1579e35,Transfer 3546.2 0x6b171d0f To 0xe1579e35
0x6da0aa6175dcc992a6d5346c927030eeeed680e8b62234d9abf129ca0cfeb355,Mint 3 of 0xd77fb495,Mint 3 of 0xd77fb495
0xc6a05f8a110db974f32e0b30ec8eff34e2cd8e0ebad899af066908e65f762e7c,Swap 0.178358779795877348 0xc02a6cc2 For 610.000000000000001872 0x0f7b79ce On Uniswap V2,Swap 0.178358779795877348 0xc02a6cc2 For 610.0000000000000001872 0x0f7b79ce On Uniswap V2
0x0ce8f72a8cb504a9ec854f30fdf215f0c7cf1e4e75e498ec824e6755b68c7884,Swap 3176904484056807.485241621 0x18a3bc73 For 0.604460662896155544 0xc02a6cc2 On Uniswap V2,Swap 3176904484056807.485241621 0x18a3bc73 For 0.604460662896155544 0xc02a6cc2 On Uniswap V2
0xa551a69c14c1c97b8fb0e69da37a2316dd5ea4e313b2aab5ec5a675180a81eb9,Approved 0x514986ca For Trade On 0x00008ba3,Approved 0x514986ca For Trade On 0x00008ba3
0x60613dfdc01142722b0802e72bad03d87d7f14eada995df9b196b678be55ca84,Mint 3 of 0xd77fb495,Mint 3 of 0xd77fb495
0x8d52d34ab6129323ee933673f1254daa608687f6cd9d7c1dabf09037ec96eef2,Transfer 23.899504 0xdac11ec7 To 0x50e2d351,Transfer 23.899504 0xdac11ec7 To 0x50e2d351
0xe065b6d14c7bb09d2ad935a5119ff230c0702485b249ec28ff38a4019428a1b0,Transfer 3000 0xdac11ec7 To 0x89bfb1ad,Transfer 3000 0xdac11ec7 To 0x89bfb1ad
0x3fc2279e51b62bc8085ec5cc582017ef8b7d819b90f9f6ddc89cb86fc37e82d8,Mint 3 of 0xd77fb495,Mint 3 of 0xd77fb495
0xfa07a1fe0ff95458f49feafad359369bb752ca76f1467c61b610a4367c8826a8,Swap 2.627545233544266974 0xc02a6cc2 For 4815 0xdac11ec7 On Uniswap V3,Swap 2.627545233544266974 0xc02a6cc2 For 0.013727056597094197 0xc02a6cc2 On Uniswap V3
0x9d54652c20a99044d5da65c486e307d06ba1d028141aa14dc14d237428e226cf,Swap 2620268396.8312 0x423f1eea For 4.197130398670105783 0xc02a6cc2 On Uniswap V3,Swap 2620268396.8312 0x423f1eea For 0.4197130398670105783 0xc02a6cc2 On Uniswap V3
0x5ea7fb40b1e4d538b67bdabe18a56c0e8591b7d7c862cb21b6dc15e87df36272,Transfer 0.13361029 0x2260c599 To 0x0cbb8445,Transfer 0.13361029 0x2260c599 To 0x0cbb8445
0x94ea3d70e36f94870c8345e88a00e724b787bb93f90874b357f761cdef6cd565,Swap 0.009838075970007112 0xc02a6cc2 For 661113311014.685546571 0xd87984ca On Uniswap V2,Swap 0.009838075970007112 0xc02a6cc2 For 661113311014685546571 0xd87984ca On Uniswap V2
0xbace6ee6bcf767c34512ff2f08ad33aa904c7adbc223c4963d2c7f9259396c16,Mint 1 of 0xe27b7153,Transfer 1 of 0xe27b7153 To 0xb5bbd949
0xd5cdabe5371c8c279a5de749eb575fc8938fec97dec5f320108b8acd927242e3,Approved 0xdac11ec7 For Trade On 0x00008ba3,Approved 0xdac11ec7 For Trade On 0x00008ba3
0x0ccfbf8ecc593c7c0a5e1a58dbff39f7d4cd92a3dda72ac5061ac5b7e88c902f,Approved 0xd4308792 For Trade On 0xf849e354,Approved 0xd4308792 For Trade On 0xf849e354
0x6fa332e52c272a73c733436333fbd291e0ad7e3728f070e09ef03500174dc4e3,Approved 0xdac11ec7 For Trade On 0xa69b9940,Approved 0xdac11ec7 For Trade On 0xa69b9940
0x9a78046660056823e9fbc748e50c2ebe28816c3be27f0b6841b2a9454daeac63,Swap 0.11 0xc02a6cc2 For 24358313.547893648366441235 0x42131167 On Uniswap V2,Swap 0.11 0xc02a6cc2 For 2435831.3547893648366441235 0x42131167 On Uniswap V2
0x1217a00bc7ff5d7041355349c01e4e51586321c0e9dad36b5f450b168867a526,Approved 0x6b171d0f For Trade On 0x00008ba3,Approved 0x6b171d0f For Trade On 0x00008ba3
0x44d280672fbc7bfd665a31e5d1be731dee0aa93b73fb3a9b26985d619a72ca25,Swap 0.03158222 0xc02a6cc2 For 1387245.91383557399303631 0x0fd5f097 On Uniswap V2,Swap 0.03158222 0xc02a6cc2 For 1387245913835573993036310 0x0fd5f097 On Uniswap V2
0x78372426d042e38a46d88e1ad77fa5f25c4b712fda279c9be23dd8b97d42fd03,Mint 3 of 0xd77fb495,Mint 3 of 0xd77fb495
0xe1d1ea0f7640236713c3a208b64ceade089cba480bcbd54dc4875eed5e6d1612,Swap 444325708.689706957784285332 0x423f1eea For 0.4053360478442944 0xc02a6cc2 On Uniswap V3,Swap 0.4053360478442944 0xc02a6cc2 For 444325708.689706957784285332 0x423f1eea On Uniswap V3
0x50f7aa5461ca365e649177ed8ebc6548d4c5ab66354952f6c0779257179eb7a0,Mint 3 of 0xd77fb495,Mint 3 of 0xd77fb495
0x33845356a3c3ac1fe5bf81292407663dafc34b13db5c5cf7ef18496f458a6ffe,Mint 3 of 0xd77fb495,Mint 3 of 0xd77fb495
0xb55811b6e45d4989abd43e079b94db11c07992281243e2a886bbb653e02836bf,Swap 19609241411.55021833880765381 0xf3b9e452 For 0.648963395003222944 0xc02a6cc2 On Uniswap V2-Swap 0.61422399633369341 0xc02a6cc2 For 19609241411.55021833880765381 0xf3b9e452 On Uniswap V3,Swap 0.61422399633369341 0xc02a6cc2 For 19609241411.55021833880765381 0xf3b9e452 On Uniswap V3
0x0078490f0bb604e9f3e427e836f9c1deb2752b020b68a178f86e03818692d1c5,Swap 5.413077313222368632 0xc02a6cc2 For 10000 0xdac11ec7 On Uniswap V3,Swap 5.413077313222368632 0xc02a6cc2 For 0.162314418419313559 0xc02a6cc2 On Uniswap V3
0x4d33e0dda8e89d8768ececaafff983dbc7eea69f728a1f37214a5d1892dad053,Approved 0xdac11ec7 For Trade On 0x00008ba3,Approved 0xdac11ec7 For Trade On 0x00008ba3
0x65a3678a0d68ed8c989a8b504bfc6fe94a5d5fd112e6e9bc06e8f19cddf45c80,Mint 3 of 0xd77fb495,Mint 3 of 0xd77fb495
0x6ed56ed238382efe40dc4daa3d96ac813aae32f60283427400cf20a8192cf3d7,Mint 3 of 0xd77fb495,Mint 3 of 0xd77fb495
0x470ecc0096f7a8624a7d7a42884229a2928dc0a15e5ed65edf1187119465275d,Approved 0xdac11ec7 For Trade On 0x00008ba3,Approved 0xdac11ec7 For Trade On 0x00008ba3
0x1c149b66cd32e8263f9bd61ce4eca5ecbd6f96ad05acce5a860ab4169c99e193,Swap 0.04 0xc02a6cc2 For 8302211.38224215 0xa6282372 On Uniswap V2,Swap 0.04 0xc02a6cc2 For 8302211.38224215 0xa6282372 On Uniswap V2
0x1570bd0054b50311a85f8f9befbdc968325fb9d2d94a69f67a65680eac11e5b5,Transfer 10000 0xdac11ec7 To 0x9c2d3d67,Transfer 10000 0xdac11ec7 To 0x9c2d3d67
0xc2e76cf3581f280140b3f93f22d4188f5e581ae43eab321877468da16506f4d5,Approved 0x6f22ff98 For Trade On 0x00008ba3,Approved 0x6f22ff98 For Trade On 0x00008ba3
0x8c006a40dfca1d9a20f6bee11be9989b26059d383f174e2a05ddb248d63644a5,Approved 0xc02a6cc2 For Trade On 0x1e003c71,Approved 0xc02a6cc2 For Trade On 0x1e003c71
0x64b63a549a03890200c5b7713c9699692a5b9858dcd65ab82fd80f72dbf33b99,Approved 0xe6da319e For Trade On 0x663ab214,Approved 0xe6da319e For Trade On 0x663ab214
0x0d16403ee289e896d5e3de0f4d65e0b39180706c386a22ac6ad77d57ea862466,Approved 0xdac11ec7 For Trade On 0x3a2397a5,Approved 0xdac11ec7 For Trade On 0x3a2397a5
0x51c3cae1e663fba8758f64eaba8c5e4a446c9bc9ddc75fe2ebd290847fd3a32d,Transfer 49990 0xdac11ec7 To 0xab11c367,Transfer 49990 0xdac11ec7 To 0xab11c367
0xf88a5ffc284c04666915b5e4820a864389d2b42a9d20e8ed165baa242dae439b,Approved 0x423f1eea For Trade On 0x00008ba3,Approved 0x423f1eea For Trade On 0x00008ba3
0xf6a11224057c0853f86aede9b1828bfff2690c0a00777f34b066cf7b674dcfd3,Approved 0xdac11ec7 For Trade On 0x99a5788f,Approved 0xdac11ec7 For Trade On 0x99a5788f
0x4252bad120fc0b48213d0503d76c65f1c953cd0b03802ccd619d88ff942f77a1,Mint 2 of 0xd77fb495,Mint 2 of 0xd77fb495
0x26390d156c654fbc395b06bf8f52a54e446ca8880b0d0d29ebfb18e15ea1dc10,Mint 1 of 0xd77fb495,Mint 1 of 0xd77fb495
0x1b8b09bd090a9bc88bc85016ded5932daff6962e4887deb819280264f7d1c680,Approved 0xb5b1c0cc For Trade On 0x5c26f4bf,Approved 0xb5b1c0cc For Trade On 0x5c26f4bf
0xe94da2c2e7712dfcc37b814719881262baf0769bae70eddf7acc5b9285208927,Mint 3 of 0xd77fb495,Mint 3 of 0xd77fb495
0x5e883f10cae1d8018e26af5fc80a59907fe7424dd2bfec1ee8f75d3c0cf921e2,Transfer 69922 0xaaaed42d To 0x6cc5da7b,Transfer 69922 0xaaaed42d To 0x6cc5da7b
0x29060e010a0abef10607cd052efa0ed1bae9481c082d7ff2092b5a22eb4c1911,Swap 4000000 0xd807db86 For 0.075234063208940762 0xc02a6cc2 On Uniswap V2,Swap 4000000 0xd807db86 For 0.075234063208940762 0xc02a6cc2 On Uniswap V2
0xd3b81d55719c1c60340aa68ae30e60152f68a8370267e98d6032d7dc205991d1,Swap 8 0xc02a6cc2 For 13076437496.238753044070751913 0x69821933 On Uniswap V3,Swap 8 0xc02a6cc2 For 13076437496.238753044070751913 0x69821933 On Uniswap V3
0x794de6ef13068a7a9d0d09436b6fb02faea22697c9af4a3f17d0f6c69bc88cdd,Approved 0xa6282372 For Trade On 0x00008ba3,Approved 0xa6282372 For Trade On 0x00008ba3
0x024540170f411650e0e0d2eef54073fbbe741b5d9fcdcdf45a3ab7105ada1ccb,Transfer 87.7874 0xdac11ec7 To 0x8918e629,Transfer 87.7874 0xdac11ec7 To 0x8918e629
0xc0dcc1d54eebee8deb9de5e5372f5dafdee66f82d0917e42f2d1eba83ad97d8d,Swap 0.08 0xc02a6cc2 For 63116963.241144966268542025 0x423f1eea On Uniswap V3,Swap 0.08 0xc02a6cc2 For 63116963.241144966268542025 0x423f1eea On Uniswap V3
0xe22d8eb4add719a9c6b10c6d9e6c041d53346ff98c65699d595a455799145124,Approved 0xa6282372 For Trade On 0x00008ba3,Approved 0xa6282372 For Trade On 0x00008ba3
0x7d0a47c057d9b4717987960d8b39b48809b59798cc8ac30a751a69beebe9f845,Approved 0x4d224381 For Trade On 0x37ede9b2,Approved 0x4d224381 For Trade On 0x37ede9b2
0x58d78bdedb2be3f809d2d93fa1206e195b86de255ac04d6c84e3a40974374b02,Transfer 13000000 0x95adc4ce To 0xdfd5210b,Transfer 13000000 0x95adc4ce To 0xdfd5210b
0xdccacd400da917c162e46872d75c2e92b34f9a500d4b68aa51116d4d8305f4dd,Swap 2.4 0xc02a6cc2 For 3897.840273 0xdac11ec7 On Uniswap V3,Swap 2.4 0xc02a6cc2 For 3897.840273 0xdac11ec7 On Uniswap V3
0xfa0341c0fad941461284750842ab48270d3886b3979cc031da5259419e0b3976,Approved 0xa6282372 For Trade On 0x00008ba3,Approved 0xa6282372 For Trade On 0x00008ba3
0x95e132b481ddf8a06076e8029cea24a3865e6843553fb8c93fcb2dfdfc038ad1,Mint 3 of 0xd77fb495,Mint 3 of 0xd77fb495
0xcdc85ef18eff7de992e435c930f0ca96fe760d4bb32fb71c47db0c5e9e2d961d,Approved 0x4e157870 For Trade On 0x1a1cc097,Approved 0x4e157870 For Trade On 0x1a1cc097
0xf2aa1594801a1a5296fce9870ed2850c1d1cdaa9495df729d5097a79c91f8038,Transfer 1 0xdac11ec7 To 0x52366131,Transfer 1 0xdac11ec7 To 0x52366131
0xba1ed0cf736a4cc40cc1ef13bf10131e3727ec9f35f3a493c878e5c0b7e5c092,Swap 1 0xc02a6cc2 For 92319.458343934761535078 0x7d8d996b On Uniswap V2,Swap 0.1 0xc02a6cc2 For 92319.458343934761535078 0x7d8d996b On Uniswap V2
0x4290167858fc6b6a8469ded6abcfdab974925231d5ef84494781948d24c5984a,Transfer 14332.410536 0xdac11ec7 To 0xb66e5599,Transfer 14332.410536 0xdac11ec7 To 0xb66e5599
0xcd3a7804932c5bb56ab5e6faa8e2e684d7881526b3b9e8ae985fc0ffe32de4f2,Approved 0x0601266d For Trade On 0xa107c057,Approved 0x0601266d For Trade On 0xa107c057
0xd721bb594581a54f5c0de464f722545fd924e91780ab447f7dd0c0232dc19edb,Transfer 76300 0xdac11ec7 To 0x16892000,Transfer 76300 0xdac11ec7 To 0x16892000
0xa1032121b3006726cbe2fef495c2fd9fe3cd2093321212a86d252059ceebb204,Mint 2 of 0xd77fb495,Mint 2 of 0xd77fb495
0xaf1b045d5ce461b1e30430d59434a365489f9916f26c980bd5fe0dd73ea675a6,Mint 3 of 0xd77fb495,Mint 3 of 0xd77fb495
0x7d3c31525cfbf81c8498b37e0e4843172158625b8bb1bed0b380eecac94fcc89,Mint 3 of 0xd77fb495,Mint 3 of 0xd77fb495
0x59bf3a1a6a3ed890e9e6693c7b17024763397db0a8b7f5a728647557c1a3b9d8,Swap 919900 0xa6282372 For 0.013439548784584366 0xc02a6cc2 On Uniswap V3,Swap 919900 0xa6282372 For 0.013439548784584366 0xc02a6cc2 On Uniswap V3
0xf031f75196b1104d5716a615c9d54a6f4a50f87bb5a05d82bfe1c662b6b6d298,Swap 29265.713011 0xdac11ec7 For 17.546602249407353436 0xc02a6cc2 On Uniswap V3,Swap 29265.713011 0xdac11ec7 For 17.546602249407353436 0xc02a6cc2 On Uniswap V3
0xb6e1e0ad898b6144260a4b930c6ccb102d792b4a3179fdd42bc3f5a48650fe4b,Swap 0.017295243955571719 0xc02a6cc2 For 50.000000000000001545 0x0f7b79ce On Uniswap V2,Swap 0.018160006153350304 0xc02a6cc2 For 50.0000000000000001545 0x0f7b79ce On Uniswap V2
0xf5dd28c11cfd8afe4ed7698c767ad506552ff965a3f8f3d3f2d10c16e344b036,Mint 1 of 0xbe93a826,Mint 1 of 0xbe93a826
0x78b20d117f705ce2fbeaa0efe4c807a651e0ea6fa12f3bb2eaf83ef854e0ea8b,Approved 0xc02a6cc2 For Trade On 0x1e003c71,Approved 0xc02a6cc2 For Trade On 0x1e003c71
0xb0d7fd964d4117c6429e314be80e201a30db595032915873feb980afc67206be,Approved 0xdac11ec7 For Trade On 0x881d300c,Approved 0xdac11ec7 For Trade On 0x881d300c
0x173545587e949b6104c229248a8a104669821a3e3539da43f0a22e48d546394f,Mint 3 of 0xd77fb495,Mint 3 of 0xd77fb495
0xa6460319cac180f986222896c1c306c47b01e3d01e3134916251c43f1bceb131,Swap 0.04 0xc02a6cc2 For 5912.225039305728365902 0x235c5726 On Uniswap V2,Swap 0.04 0xc02a6cc2 For 5912.225039305728365902 0x235c5726 On Uniswap V2
0xe123229743ca0b9188d0e875ab40b552298bfa4da577a4d8e08d2a70b18e159a,Transfer 1 of 0x76be8e77,Transfer 1 0x76be8e77 To 0xbbc47420
0x3cd189020faf652938c5fa37d428751d3ad2336a790bb7214c975f1c340257af,Transfer 2.38007 0xdac11ec7 To 0xe3510a5a,Transfer 2.38007 0xdac11ec7 To 0xe3510a5a