0x8b4c43a6bfd604c87b169ef5f1171f0bca34f35fea5cd17957bc91b2cfc4dde5,Approved 0x5b7533812759b45c2b44c19e320ba2cd2681b542 For Trade On 0x1111111254fb6c44bac0bed2854e76f90643097d,Approved 0x5b7533812759b45c2b44c19e320ba2cd2681b542 For Trade On 0x1111111254fb6c44bac0bed2854e76f90643097d
0xf5b0e7a862ebf2785b353ea5457af2ad5331e196156514dfada7670472085cdb,Transfer 180.37 0xa0b86991c6218b36c1d19d4a2e9eb0ce3606eb48 To 0xf133c16622c24ed6ef262e59a2234f01aa848ea6,Transfer 180.37 0xa0b86991c6218b36c1d19d4a2e9eb0ce3606eb48 To 0xf133c16622c24ed6ef262e59a2234f01aa848ea6
0x7b3753d6363e7b9cc867166721d5aa81f4ebbc94b7bdf5fe0cdd0b8253c03b0c,Mint 5 of 0xffb1641d3148cadb024a6936c43343ad32f9c5a6,Mint 5 of 0xffb1641d3148cadb024a6936c43343ad32f9c5a6
0x8d43e8ee62343e4cd389b3975572b90387799617917db49c897b0e9133a9d815,Mint 1 of 0xb4961558d381dd106c7c49d8e036651c55112f80,Mint 1 of 0xb4961558d381dd106c7c49d8e036651c55112f80
0xbe5c4cac158e0f509b9558566e9ebc5bc8da182b780078acbf93036c7501d1eb,Approved 0xfcdb9e987f9159dab2f507007d5e3d10c510aa70 For Trade On 0x000000000022d473030f116ddee9f6b43ac78ba3,Approved 0xfcdb9e987f9159dab2f507007d5e3d10c510aa70 For Trade On 0x000000000022d473030f116ddee9f6b43ac78ba3
0xad8f40bfd4086a5e0d6165b06e92d857bb99e63bafbffeae188e8c0cea303a52,Swap 0.115 Ether For 667,239,143,464.369207431649403704 0xdb3572dde27ce6f315b2f45da388b345aa7a0451 On Uniswap V2,Swap 0.115 Ether For 667,239,143,464.369207431649403704 0xdb3572dde27ce6f315b2f45da388b345aa7a0451 On Uniswap V2
0x7b6b0e7895a6d4323ea05014768d9db6fe78f5b315048f6473bc354f218826cb,Swap 0.253585332298231995 Ether For 406,270.744736921283959726 0x07dd2a0c891a475ea9ce8957b41f82727ec3373d On Uniswap V2,Swap 0.253585332298231995 Ether For 406,270.744736921283959726 0x07dd2a0c891a475ea9ce8957b41f82727ec3373d On Uniswap V2
0x8f364ea09e32d60732353b11007851f4e68466595dd35d524081b806be5fc8ec,Swap 0.72 Ether For 13,191.214400465115444933 0xfde00bd1da57349b0df85f134b18124266f3bc5b On Uniswap V2,Swap 0.72 Ether For 13,191.214400465115444933 0xfde00bd1da57349b0df85f134b18124266f3bc5b On Uniswap V2
0xadce8c4e4a55c0237e9fd5431996c799a7862a2c04d990b355575fe8385bac2d,Transfer 648.72 0xa0b86991c6218b36c1d19d4a2e9eb0ce3606eb48 To 0x16c98b81c504ba532489ed0944e5f78aaa5e6c92,Transfer 648.72 0xa0b86991c6218b36c1d19d4a2e9eb0ce3606eb48 To 0x16c98b81c504ba532489ed0944e5f78aaa5e6c92
0xd4cf878ba2f3ea281be308ea21519047a5bb2aaafa99605b0f4f6b21e6a6d53a,Approved 0x50e3d130ff99c46c71ce671e9b03130ad9775f87 For Trade On 0x7a250d5630b4cf539739df2c5dacb4c659f2488d,Approved 0x50e3d130ff99c46c71ce671e9b03130ad9775f87 For Trade On 0x7a250d5630b4cf539739df2c5dacb4c659f2488d
0x836ed33280ab8719d16e88be3e3b3b94ab29cc23a084ffad6a51776de58d048e,Transfer 288.584985 0xdac17f958d2ee523a2206206994597c13d831ec7 To 0x995d42faa020803f55f3ec1aa421be5b94c280f5,Transfer 288.584985 0xdac17f958d2ee523a2206206994597c13d831ec7 To 0x995d42faa020803f55f3ec1aa421be5b94c280f5
0xe7e892eedbb15123d5aa9ed47ebfc47a0f1e0ec8e89e80f3243eb582d712a3b1,Mint 1 of 0x7e9b9ba1a3b4873279857056279cef6a4fcdf340,Mint 1 of 0x7e9b9ba1a3b4873279857056279cef6a4fcdf340
0xe2aa5239cb90d5f70e8b1f35b21f653b857e37a124be4f39a94634d50e864668,Swap 426,445,880,675.157171297227264158 0x3ca9600a3992498523fab99b91c5b5e706470b04 For 0.025866745682919671 Ether On Uniswap V2,Swap 426,445,880,675.157171297227264158 0x3ca9600a3992498523fab99b91c5b5e706470b04 For 0.025866745682919671 Ether On Uniswap V2
0x5fd9d101676df114918321ef5bc4bf373e5503412636eef501134791142a3f46,Mint 1 of 0xb0e0698f196e16cd353d409fb19e3536076b7cae,Mint 1 of 0xb0e0698f196e16cd353d409fb19e3536076b7cae
0x0656691729ee764cb751032cf2eb9d72a2d058cbbaa675500a37642ea49b3c58,Transfer 9,994.74 0xdac17f958d2ee523a2206206994597c13d831ec7 To 0xcd27cc8c51a9a34c414f1b72fd67d1eb56ac2fd8,Transfer 9,994.74 0xdac17f958d2ee523a2206206994597c13d831ec7 To 0xcd27cc8c51a9a34c414f1b72fd67d1eb56ac2fd8
0x9ef6c1a73636ca2f0fcf8eb3ed72f9e90e1827edc2216df01305e3dd94869115,Approved 0x8ddf7a72f18a2eaa1352fefe29e71edb3feca8d6 For Trade On 0x7a250d5630b4cf539739df2c5dacb4c659f2488d,Approved 0x8ddf7a72f18a2eaa1352fefe29e71edb3feca8d6 For Trade On 0x7a250d5630b4cf539739df2c5dacb4c659f2488d