0x5b81d74943d4529bd5d64d81cf48b008ea302f2dfbff633af45697dd062d2d9d,Swap 0231284817818288128 Ether For 381568011542571163582464 0x07dd373d On Uniswap V2\nSwap 07064068003201024 Ether For 4275454502376931118801404035072 0xdb350451 On Uniswap V2,Swap 0231284817818288128 Ether For 381568011542571163582464 0x07dd373d On Uniswap V2\nSwap 07064068003201024 Ether For 42754545
0x7b6b0e7895a6d4323ea05014768d9db6fe78f5b315048f6473bc354f218826cb,Swap 0253585332298231995 Ether For 406270744736921283959726 0x07dd373d On Uniswap V2,Swap 0253585332298231995 Ether For 406270744736921283959726 0x07dd373d On Uniswap V2
0xad8f40bfd4086a5e0d6165b06e92d857bb99e63bafbffeae188e8c0cea303a52,Swap 0115 Ether For 667239143464369207431649403704 0xdb350451 On Uniswap V2,Swap 0115 Ether For 667239143464369207431649403704 0xdb350451 On Uniswap V2
0xb2e1d1274ce35e7e28d1f4acd7b534a0f814bccc3f62cfe8876f6affab6e32ac,Swap 381568011542571163582464 0x07dd373d For 0236977818443972608 Ether On Uniswap V2\nSwap 4275454502376931118801404035072 0xdb350451 For 0710374035841613824 Ether On Uniswap V2,Swap 381568011542571163582464 0x07dd373d For 0236977818443972608 Ether On Uniswap V2\nSwap 42754545023769311188014040350
0x0656691729ee764cb751032cf2eb9d72a2d058cbbaa675500a37642ea49b3c58,Transfer 999474 0xdac11ec7 To 0xcd272fd8,Transfer 999474 0xdac11ec7 To 0xcd272fd8
0x836ed33280ab8719d16e88be3e3b3b94ab29cc23a084ffad6a51776de58d048e,Transfer 288584985 0xdac11ec7 To 0x995d80f5,Transfer 288584985 0xdac11ec7 To 0x995d80f5
0x0656691729ee764cb751032cf2eb9d72a2d058cbbaa675500a37642ea49b3c58,Transfer 999474 0xdac11ec7 To 0xcd272fd8,Transfer 999474 0xdac11ec7 To 0xcd272fd8
0x836ed33280ab8719d16e88be3e3b3b94ab29cc23a084ffad6a51776de58d048e,Transfer 288584985 0xdac11ec7 To 0x995d80f5,Transfer 288584985 0xdac11ec7 To 0x995d80f5
0x8b4c43a6bfd604c87b169ef5f1171f0bca34f35fea5cd17957bc91b2cfc4dde5,Approved 0x5b75b542 For Trade On 0x1111097d,Approved 0x5b75b542 For Trade On 0x1111097d
0xbe5c4cac158e0f509b9558566e9ebc5bc8da182b780078acbf93036c7501d1eb,Approved 0xfcdbaa70 For Trade On 0x00008ba3,Approved 0xfcdbaa70 For Trade On 0x00008ba3
0x9ef6c1a73636ca2f0fcf8eb3ed72f9e90e1827edc2216df01305e3dd94869115,Approved 0x8ddfa8d6 For Trade On 0x7a25488d,Approved 0x8ddfa8d6 For Trade On 0x7a25488d
0xd4cf878ba2f3ea281be308ea21519047a5bb2aaafa99605b0f4f6b21e6a6d53a,Approved 0x50e35f87 For Trade On 0x7a25488d,Approved 0x50e35f87 For Trade On 0x7a25488d
0x8d43e8ee62343e4cd389b3975572b90387799617917db49c897b0e9133a9d815,Mint 1 of 0xb4962f80,Mint 1 of 0xb4962f80
0x5fd9d101676df114918321ef5bc4bf373e5503412636eef501134791142a3f46,Mint 1 of 0xb0e07cae,Mint 1 of 0xb0e07cae
0x7b3753d6363e7b9cc867166721d5aa81f4ebbc94b7bdf5fe0cdd0b8253c03b0c,Mint 5 of 0xffb1c5a6,Mint 5 of 0xffb1c5a6
0xe7e892eedbb15123d5aa9ed47ebfc47a0f1e0ec8e89e80f3243eb582d712a3b1,Mint 1 of 0x7e9bf340,Mint 1 of 0x7e9bf340