0xb20458b04e4bae45a9c821d668311bbdf4d1b102cc0e8091dddbe6231e8471de,Approved 0x96bf8af7 For Trade On 0x7a25488d,Approved 0x96bf8af7 For Trade On 0x7a25488d
0xe3a451626d7d0a2ff437e5d4acb9a273ce371e1525ca5dfa020a463aea91d430,Transfer 1000005 0xdac11ec7 To 0x742e3e5e,Transfer 100 0xdac11ec7 To 0x742e3e5e
0x29c5ae5ab69d47aa7f8e2e54f82042f24554ae55b3e207b762fc91c9ac54516a,Swap 0014 Ether For 55489651684996701 0xd8526034 On Uniswap V2,Swap 014 Ether For 55489651684996701 0xd8526034 On Uniswap V2
0x12a893f12e7eba0391b260cd716e6f2c86b422dc981ca54bfe078b96a24e25de,Approved 0xc02a6cc2 For Trade On 0x00008ba3,Approved 0xc02a6cc2 For Trade On 0x00008ba3
0x90225a98196367571f8c178e3db44b83e1a68bf7c0dcb5639fdfe5329c2a0451,Mint 1 of 0x932248bf,Mint 1 of 0x932248bf
0xed0fb1a3219db877a2a2e684ea50974d77e55f897dcf742ca2507dc53597155f,Swap 0016 Ether For 5911361786366301 0xd8526034 On Uniswap V2,Swap 016 Ether For 59113617863663010 0xd8526034 On Uniswap V2
0x613516f9e440f791ed6935d7e375a196f374965cb9a9a3ca1f5cff75f42a436b,Approved 0x7bd4686f For Trade On 0x613137b5,Approved 0x7bd4686f For Trade On 0x613137b5
0xb6ee4384f47918ae29270b746310f0c183fb827a2c637ffbc5248712b2b5d023,Swap 1671037023339983288761 0x9fb61d80 For 0096914570314754387 Ether On Uniswap V2,Swap 1671037023339983288761 0x9fb61d80 For 0096914570314754387 Ether On Uniswap V2
0x4bd4345941a8ad2a8c8b61497c148f2fa59163e349c971c6b0410488bac6a493,Mint 1 of 0x57f1ea85\nMint 1 of 0xd4416401,Mint 1 of 0x57f1ea85\nMint 1 of 0xd4416401
0x1f9024e926bf4350ab05e30fc6d1b1a552acf7ca386721b96312d220cabc96ff,Mint 1 of 0x00000803,Mint 1 of 0x00000803
0x5cc569d920a5e91bd543a2b1ccf057ba3339fea84373a7c043d79999276ae90e,Transfer 1850 0xdac11ec7 To 0xf64b7489,Transfer 185 0xdac11ec7 To 0xf64b7489
0x07ad3187bf322085ec0ed2058936b3b64864772aac119add01a510ab1d6c3ae2,Mint 1 of 0x57f1ea85\nMint 1 of 0xd4416401,Mint 1 of 0x57f1ea85\nMint 1 of 0xd4416401
0x1aeffc71366b60b0a63b6be7e8004794a9bf664c30edc77eb9cda67b0709ef68,Transfer 214884444 0xa0b8eb48 To 0xcc0037fd,Transfer 21488444 0xa0b8eb48 To 0xcc0037fd
0xbecee7171262c2536884f3faa94507e3036742a09434c0fd27b384c4ad79e5d9,Mint 1 of 0x00000803,Mint 1 of 0x00000803
0x7bdf77c025dd79156f99426a63c6f828b9c751edc3260e6355e8621e0a88db3b,Mint 1 of 0xeb27ea77,Mint 1 of 0xeB27Ea77
0x1933d27af0bc0c3709c55e83e5bdd54d1d289bf84e0bfa90de0686fda28cabdd,Swap 1 Ether For 1924855756603386973177572833 0x06456fb8 On Uniswap V3,Swap 01924855756603386973177572833 Ether For 30340983008968261848237411 0x06456fb8 On Uniswap V3
0x5795a8170461392d8ee22144f5c25e6f1839bb4dfe5b2497bf5543d0bbb0df19,Swap 007000000000000001 Ether For 424845864356903617339 0x8a0bf591 On Uniswap V2,Swap 0700000000000001 Ether For 4248458643569036173390 0x8a0bf591 On Uniswap V2
0x914d012eb2c6648172be8968c69e616cb126914000a07be91609d9a798c92d64,Approved 0xdac11ec7 For Trade On 0x10dc8a38,Approved 0xdac11ec7 For Trade On 0x10dc8a38
0x0f89c8d4c131b1933796491ff0071cd76dc4e5a1b9935075e757ca577046074a,Swap 0016 Ether For 57748097953382595 0xd8526034 On Uniswap V2,Swap 016 Ether For 57748097953382595 0xd8526034 On Uniswap V2
0xf7f694cc76b33a684d463174f411a48bf932e06a9012a37727b94b6a3a51622b,Swap 003 Ether For 21724428127918159 0xb389d312 On Uniswap V3,Swap 03 Ether For 21724428127918159 96025693657350882999636449391 0xb389d312 On Uniswap V3
0x02a1bda4b070bcbc218f3d6e2b078081b2b9e1eaa33e20191c45eddeee11e0d5,Approved 0x7e77b068 For Trade On 0x00008ba3,Approved 0x7e77b068 For Trade On 0x00008ba3
0x78f06f687ff42a3fa68c03a9fb796285ac1324229b8c4e3693075bdb4c70fabb,Approved 0xa0b8eb48 For Trade On 0x7a63100b,Approved 0xa0b8eb48 For Trade On 0x7a63100b
0xa9d71efe68702d6b927d25ff026c2907298afa0d8fc1df93226ae84548e844b1,Swap 0396 Ether For 86869633656097 0x723f6fc4 On Uniswap V2,Swap 00396 Ether For 86869633656097 0x723f6fc4 On Uniswap V2
0x862f0c250cc0ff30cfde635dcf4a05bb9453133ac560d988d86e15b122dd5d0d,Mint 10 of 0x4fcf3906,Mint 10 of 0x4fcf3906
0x2df617a68245bf085757ad1d28afa20f03f1f16a5360d1f7d3208e804651baca,Transfer 1896648717 0xa0b8eb48 To 0x66a91c37,Transfer 1896648717 0xa0b8eb48 To 0x66a91c37
0x39e8fe8eba334d70fc5e566b6e03b10adaa2886c2efa66b9b8e56ecc22c3a1ca,Approved 0x8ed26839 For Trade On 0x00008ba3,Approved 0x8ed26839 For Trade On 0x00008ba3
0xd0d3d52bbae0afb8676fafb89a861987b73721a81d32603334b53aac31ff8a32,Swap 0014 Ether For 60539349093055333 0xd8526034 On Uniswap V2,Swap 014 Ether For 6053934909305533 0xd8526034 On Uniswap V2
0x9d79627051c67208d62d22c39cc2c0660c0f858c269b34af44c3f186606150b4,Transfer 104797145 0xdac11ec7 To 0x894062aa,Transfer 104797145 0xdac11ec7 To 0x894062aa
0x46c81c531230dfe54bf1f674310c298d45df15de05edeae6563523d6509cbe06,Approved 0xdac11ec7 For Trade On 0xcee2180d,Approved 0xdac11ec7 For Trade On 0xcee2180d
0xea1bbd5f3ffc0f26a2783e208f4ff8b240382e27d2f8f38da9b51b4b741354e2,Mint 1 of 0x00000803,Mint 1 of 0x00000803
0x3e6411c3cebbddf8371cb5268e0b2d8761e0d99f4b18e7d8905769462d44cbf8,Approved 0xa3e12c41 For Trade On 0x7a25488d,Approved 0xa3e12c41 For Trade On 0x7a25488d
0x16d482e6bb7060f8497ad7827016b2cfb2ea9dc39bff4de084514ba909d7b5f1,Approved 0x2f8e5e59 For Trade On 0x00008ba3,Approved 0x2f8e5e59 For Trade On 0x00008ba3
0xb05aaef1f5b11331e3cb9a056c3b429b18605370ce34142bd358a82d17c67f15,Mint 2 of 0x122c8eb4\nMint 1 of 0x65db84fa,Mint 1 of 0x122c8eb4
0xfba57c6bb858a2fbe06464fb6146ea36057f1261353e77158c5dc62c028d2d34,Transfer 1 of 0xa3428db5,Transfer 1 of 0xa3428db5
0xb27ee55167bc20c2d857e74d43b168fb180edf4199181c3c358050dc98cbdd71,Approved 0x6b171d0f For Trade On 0x83f2beea,Approved 0x6b171df For Trade On 0x83f2beea
0xb1d8373438944ad40f55b979bfd983d249dee95d8cbd3534c676290842ac3f74,Approved 0xcb06df71 For Trade On 0x58dfbcf9,Approved 0xcb06df71 For Trade On 0x58dfbcf9
0x392770a8a710f6e920beb461b04f57e396cf7077a3cda2af1cd6cf817d907fc9,Transfer 13699432 0x95adc4ce To 0x5ec10149,Transfer 13699432 0x95adc4ce To 0x5ec10149
0xc9dbb024f9b7533c61b1e58773507569602abecc7be7653bbf2e335b4112d750,Approved 0xf2b137db For Trade On 0x58dfbcf9,Approved 0xf2b137db For Trade On 0x58dfbcf9
0x7133f7bf74d8b98704129aa56380935304b6f3db6f4f8cdbcacc486700d54a6e,Transfer 289574 0x582ddef1 To 0xf6b3f796,Transfer 289574 0x582ddef1 To 0xf6b3f796
0xed20f76fd5840252e2ed277c1161439a1e1b2e8c678c9d7aa1abbe8b0b93202e,Swap 005 Ether For 1697391676173315206505 0x17575f1c On Uniswap V2,Swap 005 Ether For 1697391676173315206505 0x17575f1c On Uniswap V2
0x0588dabb5d556bbf226d3272dc417cb46517889e688e786f120ee492096a3254,Transfer 11000 0xdac11ec7 To 0x1b25b494,Transfer 1100 0xdac11ec7 To 0x1b25b494
0x60cdf5c3ead8964e7c942a48f5a4e0094daa8e74b2bb93622099a53b445c4600,Transfer 206183 0xa0b8eb48 To 0x2d90bb9b,Transfer 206183 0xa0b8eb48 To 0x2d90bb9b
0x48216bf55718900496f2d1a6245f66d34cfd0d44fade099a9ce9ae10d8896501,Swap 1740277493723561984 Ether For 461400818885813597807237367961 0x7f4c0dbd On Uniswap V3\nSwap 0179733240192434176 Ether For 6739854226358272 0x397bdc68 On Uniswap V2,Swap 01740277493723561984 Ether For 179733240192434176 0xc02a6cc2 On Uniswap V2\nSwap 0179733240192434176 Ether For 6739854226358272 0xc02a6cc2 On Uniswap V2
0x77541c3f66fdd28f522c5fed29041e336c9a98f0ec018deacf9904879d261a25,Transfer 54889 0xa0b8eb48 To 0x10dcdd94,Transfer 54889 0xa0b8eb48 To 0x10dcdd94
0x3abee4cf41af58457854ea7fce21faffb519831914d3ff59c216522414da27c8,Approved 0xb4fce573 For Trade On 0x00008ba3,Approved 0xb4fcxe573 For Trade On 0x00008ba3
0xe5a27f13e57622a0d8f5069a952c61bd77d6b576a7f4359321c07f1662edf31d,Transfer 104000000 0x95adc4ce To 0xe60ac2d6,Transfer 104 0x95adc4ce To 0xe60ac2d6
0xe3c8736d3d7e59ceb9eab0cda12353b39d807fd43638efc4861cdb741615e42c,Mint 1 of 0xffffc164,Mint 1 of 0xffffc164
0x76465a6eb8184b3d399635e3bd4943591b5c2719dd8b399705913c1488c616a2,Swap 1000000 0x19be8c07 For 0002636830555471455 Ether On Uniswap V2\nSwap 1741585871865269699802442 0x19be8c07 For 0044593728466893122 Ether On Uniswap V2,Swap 10000000000 0x19be8c07 For 02636830555471455 Ether On Uniswap V2\nSwap 2636830555471455 Ether For 17415858718652696998024420 0x19be8c07 On Uniswap V2\nSwap 044593728466893122 Ether For 00044593728466893122 0x3fc97fad On Uniswap V2
0xf2e9eb607a4e631fa858c3429ae9bef5db63a28f01897ea7db76435f5eb69ee8,Transfer 8457591 0x95adc4ce To 0xda983ff9,Transfer 8457591 0x95adc4ce To 0xda983ff9
0x68af32d390adcb4957f14e8b50350f141efa56e0f2577a0aae931528e0e94249,Transfer 20833333 0x99a0e53d To 0xab33870f,Transfer 20833333 0x99a0e53d To 0xab33870f
0xe12b79cbf065e332882836d221450aa6db83fb331a3412b5db7042e94fd6fc47,Mint 1 of 0x8d083b62,Mint 1 of 0x8d083b62
0x8d9cd5665b302f8bbd92e036b8adeb8dfa67971d2093135faee1d3880b2aa7f0,Transfer 2059871245 0xdac11ec7 To 0x9917dd7d,Transfer 2059871245 0xdac11ec7 To 0x9917dd7d
0x87f596a64b254a7138e2e4483ffd2c4e31159fd45f0a169bc71b67b8f3a9a00e,Swap 0447653 Ether For 59960228313820887 0xa6282372 On Uniswap V2,Swap 0447653 Ether For 59960228313820887 0xa6282372 On Uniswap V2
0x047c51bcb6679654ddc86111530551ca748781d2460b587bbbbf7319f31eef3b,Mint 1 of 0x00000803,Mint 1 of 0x00000803
0x727e12300b092d1c5aa5a44207321238eaa1aa14370a9baed49cb5d3ca0bb64f,Mint 1 of 0x6a77b676,Mint 1 of 0x6a77b676
0xd65bbed133276994ab7fc70017e6346202d545c811f221ec573b2334cd405cec,Transfer 29000 0xdefa7202 To 0x9cbf56ff,Transfer 29 0xdefa7202 To 0x9cbf56ff
0xc64ad109f3d5584dca370c7e7f158c6d5faa1e83650848a44729e788179feaad,Mint 1 of 0x4538f610,Mint 1 of 0x4538f610
0xfc08d26b308e5292bf4f9f89ca5641d7af038eda902a5f4b8a46a9f04a23cd74,Swap 0017999999999999998 Ether For 414815172158538051267698076 0xe3ce97ef On Uniswap V2,Swap 01799999999999998 Ether For 12444455164756141538030942 0xe3ce97ef On Uniswap V2
0x306c5bcc4ae835b783e01f4dc74435b432114bc7bf4e2330814f862e0dcbb474,Transfer 280 0xdac11ec7 To 0x7b97d847,Transfer 2800 0xdac11ec7 To 0x7b97d847
0x5b478cb1887c235b9841151c98769132f45e885585bb75962d6adf2e3004dc4b,Swap 006 Ether For 1870254913482257668471627 0xe0a47885 On Uniswap V2,Swap 06 Ether For 1870254913482257668471627 0xe0a47885 On Uniswap V2
0xcf06a818a676370b5e0f627c29d86cd5f74805a1e58b36dad5a9226ec1986e24,Transfer 293020098 0x514986ca To 0x85b5d832,Transfer 293020098 0x514986ca To 0x85b5d832
0x5d6760a07ae98e45890f297c0da6fc779286d54ff771719a4e50f5fcf934bbbd,Swap 0202891664030513379 Ether For 500000000000000002094 0x5f5161a3 On Uniswap V2,Swap 0202891664030513379 Ether For 5000000 0x5f5161a3 On Uniswap V2
0x64429b16633c2a533da780137fdbf656175ec2f55c43c7933a603c5896c55328,Approved 0x8423572c For Trade On 0x00008ba3,Approved 0x8423572c For Trade On 0x00008ba3
0xada2af66750836c1ce6cb50ec46e279c85d572f80c359ae621ac93c5c9718501,Transfer 19966324914 0xdac11ec7 To 0x1b130a0b,Transfer 19966324914 0xdac11ec7 To 0x1b130a0b
0xd3186bf84d33f30970499388e334c50b8dbe95d49b0840d5c219da2b956baad7,Transfer 641731 0x582ddef1 To 0x05cc87ac,Transfer 641731 0x582ddef1 To 0x05cc87ac
0x5094bd47ce104346452fe70eb5b9af32b65eaa00f2951d40edb3eeb849c21b73,Swap 0080947201432909677 Ether For 2869224719301763 0x397bdc68 On Uniswap V2,Swap 008 Ether For 2869224719301763 0397bdc68 On Uniswap V2
0x97c33335733ea0dacafaade2f52e9cf54f248a07192e7f1e1f7df6edf08275d4,Approved 0x1f7cdcf3 For Trade On 0x1e003c71,Approved 0x1f7cdf3 For Trade On 0x1e003c71
0x54b0c0e1ceae0979025e828b908faf097137204a07ffae843691a1d2fcd05d87,Swap 0495625 Ether For 81441382566188273551901780864 0xaaee1c7a On Uniswap V2,Swap 0495625 0xC02a6cc2 For 81441382566188273551901780864 Ether On Uniswap V2\nSwap 081441382566188273551901780864 Ether For 0081441382566188273551901780864 Mog On Uniswap V2
0x5c88cb3a24567dba2a342fb27b6c912d466862289c5068ae3df98cb3d20b835a,Mint 10 of 0x7bb8538f,Mint 10 of 0x7bb8538f
0x655ea3447613bdeb6d6e5a88ef6d135966c3653ba304d682f84a4c43841df102,Approved 0x27c76634 For Trade On 0x00008ba3,Approved 0x27c76634 For Trade On 0x00008ba3
0xc9ea9603182e32ff48149ea716a2e0ed8108e04d910a53aaf87026a543a5dafd,Swap 009440892836060406 Ether For 163288580223302 0xfd4580d0 On Uniswap V2,Swap 9440892836060406 0xc02a6cc2 For 122466435167477 Ether On Uniswap V2
0xf9cbc2abd9660bce3ae2d2a819c2f52062a3c02a38657e63d48cdfea69385baa,Transfer 1925129901 0xcb5324b4 To 0x14d99ab2,Transfer 1925129901 0xcb5324b4 To 0x14d99ab2
0x46b8dc6e59b6af6cf91cfa2c9f6d16a2a5067773d49f7c13367dbfebde35ba39,Transfer 4500 0xdac11ec7 To 0x1869a879,Transfer 450 0xdac11ec7 To 0x1869a879
0x29d156ab8f079b310e52959a889e18f1c39590ca68fc44f13c31e8df476a388a,Mint 1 of 0x00000803,Mint 1 of 0x00000803
0xbd043b9c6a641b8e6408bc835c11810e7f25cd8aab48a0dd862c0348ba4a7e2b,Mint 1 of 0x427bb376,Mint 1 of 0x427bb376
0xb7a4e82392f5962679ed29de12f0ae10fd48313e85303dd0ce9bf23ae1d660aa,Approved 0xd807db86 For Trade On 0xc92e0110,Approved 0xd807db86 For Trade On 0xc92e0110
0x22e53ad28e19198cd79ea05d004233bdf9783f5e136c52e434d059cf1cb3d281,Swap 005 Ether For 7327294172114812 0x1ff3e973 On Uniswap V2,Swap 005 Ether For 7327294172114812 0x1ff3e973 On Uniswap V2
0xa7c939d2a9d827412046f5e94d1ad2e62cf67254529c8f77f5876cf07d874820,Swap 1596497040868828928 Ether For 226759407822871764794 0x17766671 On Uniswap V3,Swap 0226759407822871764794 Ether For 1596497040868828928 0xc02a6cc2 On Uniswap V3
0x6ab4b8dd73933994b791808665065b0488f534c349440217a77b8262c61506b3,Mint 1 of 0x00000803,Mint 1 of 0x00000803
0x7199883f95935dec748a76c017be02fa31d5109116b7cc5d4316a8e484b08ca4,Transfer 105602365858924 0x8de20d9a To 0x927a503c,Transfer 105602365858924 0x8de20d9a To 0x927a503c
0x5553d8595b2f239a4e2cb4a8d3fd1e7be3df379853ce409c8dae66cd37c2b2a6,Approved 0x0e12c30e For Trade On 0x7a25488d,Approved 0x0e12c30e For Trade On 0x7a25488d
0xa02a2235f3b36b23735914a767a9f365d77377d2a4ea04efcdcf8112f72fbc13,Approved 0xc02a6cc2 For Trade On 0x00008ba3,Approved 0xc02a6cc2 For Trade On 0x00008ba3
0x5ea8b2dab513ba735b0df93394b3057fc2039c614e51a8870fd92cefce20443e,Approved 0x04bb878b For Trade On 0x7a25488d,Approved 0x04bb878b For Trade On 0x7a25488d
0x533a5735adc126cc75398b243786ee14c2b8db4bb3a60bed45f3dce5b95f649c,Mint 1 of 0x00000803,Mint 1 of 0x00000803
0x105554872960c5ddd03a1136da4d1f6263357aec21d85b14b0be468792e6c8d1,Transfer 669402483 0xdac11ec7 To 0xfaaa6545,Transfer 669402483 0xdac11ec7 To 0xfaaa6545
0xa745a111a8ae18878729b4b7a09de2641d6541dd2010a9a2d6e68405ba59ca5b,Approved 0x5f988ba0 For Trade On 0x881d300c,Approved 0x5f988ba0 For Trade On 0x881d300c
0xbe8469019a11ad5134c43cb49f54e3b6bae394ed21f98db1071e573336852c05,Swap 003 Ether For 24688565197293752 0xb389d312 On Uniswap V3,Swap 03 Ether For 24688565197293752 0xb389d312 On Uniswap V3
0x324424eb21192977518f2477c9e598b82f4978198292d67ae9d632e35554ac72,Approved 0x423f1eea For Trade On 0x00008ba3,Approved 0x423f1eea For Trade On 0x00008ba3
0x9a5ae0df5c7d5eae94debd7aa40136143ebfd5b1c9712be4eeb1a5614aef8146,Swap 00992 Ether For 43808029799234695978093628 0xb47cd6ce On Uniswap V2,Swap 01 Ether For 43808029799234695978093628 0xb47cd6ce On Uniswap V2
0x8ba5662ac5d524e9de43cb68a24f4b865bfd4f6e328fea90f81fbfbf8e16f7c9,Transfer 24000 0xdac11ec7 To 0x1522e428,Transfer 2400 0xdac11ec7 To 0x1522e428
0x184e57825a322b6bba20609b32e04e4aeccfb0c1ea87302b55b25919ee217561,Transfer 8785 0xdac11ec7 To 0x16892000,Transfer 8785 0xdac11ec7 To 0x16892000
0x21a929afbcdc8f80ce424b0f7a40cab154605d75d33fc2f8fb8761daf1b9540a,Mint 1 of 0xffffc164,Mint 1 of 0xffffc164
0x57ba5cca5323bd423eaa82afee05d1c747b7b36aea3671f4195544a87d6f1329,Mint 1 of 0x8d083b62,Mint 1 of 0x8d083b62
0x4e0eb8a447d6193e61f99234c73ffa4a6686a3a9f1fdd8f8fbe01325ec028526,Transfer 369526 0xdac11ec7 To 0xcea4e679,Transfer 369526 0xdac11ec7 To 0xcea4e679
0x20cf97227a31773b26a774073c0d4751fefd97e9983037405f32109a98aeb64d,Mint 1 of 0xffffc164,Mint 1 of 0xffffc164
0x2b2547c9393e5ddf056c76bc7ebd4db52a04d117252f31350048839d7fb8e064,Mint 1 of 0xf37be153,Mint 1 of 0xf37be153
0x2c2817462da6f5b5c811c9c184f68f89cc3404e9797b2f9ce964a77d60105a9c,Swap 44891257097910191841 0xf2ecb988 For 010711206929776309 Ether On Uniswap V2,Swap 044891257097910191841 0xf2ecb988 For 0107112069297763090 Ether On Uniswap V2
0x7e3834cda04a19fb80e5ffd1f7fa7f30b70478d2342afe70b1d8c3c515537e28,Swap 06 Ether For 73426703330519 0x5d39ce5e On Uniswap V2,Swap 006 Ether For 73426703330519 0x5d39ce5e On Uniswap V2
0xec366b0b9a709cdc9e2999687d9b32f99e9b661945eec49d51d24dcc966b5f04,Approved 0xdb030fa2 For Trade On 0x00008ba3,Approved 0xdb030fa2 For Trade On 0x00008ba3
0x81842a0119cb2bf3924a63b3f16474d0ceb1ca1a25a5656c83fc5f6b6bce9096,Mint 1 of 0x57f1ea85\nMint 1 of 0xd4416401,Mint 1 of 0x57f1ea85\nMint 1 of 0xd4416401
0x77574b46c9ac9d4c055356d97ab648dd9ca1c79dd7dda1bb49ecabd80c94f25f,Approved 0xabd8ea7e For Trade On 0x7b4a7efd,Approved 0xabd8ea7e For Trade On 0x7b4a7efd
0xbe13e1ca84a91dabaf18938b12aaa755fb64cb775f8a3f6f52a18d95e23d2d10,Approved 0xde30163f For Trade On 0x0e3ee95f,Approved 0xde30163f For Trade On 0x0e3ee95f
0x972e292a9e6ba7d708c05fdf53c0efb5b05d4fee5013387cbc3ff3b274aebfa3,Mint 1 of 0xefb96de3,Mint 1 of 0xefb96de3
0xce6e149270e7e3675e083efd434a0cbd8a91627a3745af3350358370cd912195,Swap 36108002237435199354980925 0x35e05d96 For 33108 Ether On Uniswap V2,Swap 36108 0x35e05d96 For 033108 Ether On Uniswap V2
0x5e7afb7e491286faaf9bd3a633adf42917f7999fbec647079143a3f0b354c53d,Mint 3 of 0xc2117e7b,Mint 3 of 0xc2117e7b
0xbe4be1c802ca453d6d1c777720460526e3d00a63546bc8b41c3d7d3659342962,Transfer 5000 0x4d054b18 To 0x9647d844,Transfer 50000 0x4d054b18 To 0x9647d844
0x4888c8fd494675561b2162394abc57d16b0c8d8d11468c5e05250a6a96f3cbbb,Transfer 91000 0xdac11ec7 To 0x14776fd5,Transfer 910 0xdac11ec7 To 0x14776fd5
0xf8558fa06a61aa9054a344c83c27b2df4669533b46f4596545768f9fdf37d4a1,Transfer 1 of 0xd774c367,Transfer 1 of 0xd774c367
0x01e5a2fd5bd651f208b4d9bbf3d2a586a562f7952fd83d87b4dd340d35422310,Mint 10 of 0xda35fb42,Mint 10 of 0xda35fb42
0x94ff64338ff3c8a7c2c1f99fc444ff6edd770ca2067d1142aa2df349514a0540,Mint 1 of 0xf0baada8,Mint 1 of 0xf0baad8
0xbf35b5ff1c3c6ee1731ae38e2b0e640de1ca868fc168585649eaedea9522a48a,Transfer 7036 0xdac11ec7 To 0x3d2ed01e,Transfer 7036 0xdac11ec7 To 0x3d2ed01e
0x476db5bdd7539087400da87fe7532ced3888f0c6ce5b07b28120d61571b91fd9,Mint 1 of 0xffffc164,Mint 1 of 0xffffc164
0x10737a0d08fcef7b22a3a5c1f9cbeeb1669cf46cbe91b236ec71203b155e380c,Approved 0x26abb03b For Trade On 0x2c5acaa9,Approved 0x26abb03b For Trade On 0x2c5aca9
0x10c8468c3c28e4640ac586847f38f5e44f362d5026e22110d535e361597de641,Approved 0x1e90fc8b For Trade On 0x00008ba3,Approved 0x1e90fc8b For Trade On 0x00008ba3
0x0dccee44aa6e38e2ff2e3fca1d411bc0778cc6e8c5023b0996a1884ec0bca45d,Swap 78659935515 0xce8400e3 For 0289017147050521993 Ether On Uniswap V2,Swap 78659935515 0xce8400e3 For 289017147050521993 Ether On Uniswap V2
0x437472e9746d53f7431555717fd8a0e7fd95e620745c956acff52e2ba14df217,Approved 0x7bd4686f For Trade On 0x00008ba3,Approved 0x7bd4686f For Trade On 0x00008ba3
0x9f17f1b74463fdc895e6c51b14ed84e92034e910a9c8fd49e66e55ba577fc346,Approved 0x90577a81 For Trade On 0x7a25488d,Approved 0x90577a81 For Trade On 0x7a25488d
0x13c4c330e555ea5dc1fa9c0975916db0b0748648a42bac5ae018756d74144661,Transfer 896 0x3eca32d9 To 0x9c1d3a6a,Transfer 896 0x3eca32d9 To 0x9c1d3a6a
0xb3b4399bf767f94169c9b618d56c9e7e8a4f6915af7ff6bb87e4625e8769c864,Mint 1 of 0xffffc164,Mint 1 of 0xffffc164
0x20a85d8f79302469f1add9eb34570fba1cc6f1d238d51fa11751bbcf38227660,Swap 0014 Ether For 59214153099649898 0xd8526034 On Uniswap V2,Swap 014 Ether For 59214153099649898 0xd8526034 On Uniswap V2
0xb9bc5ad188d542f0ab4be2eaea2cb0e812d88b7ece26bfdb08afa8e32b6ead42,Mint 10 of 0x1890f8bd,Mint 10 of 0x1890f8bd
0x54f0ff9ed21086624b386905855b257f50904df1a5a18b32b8b3c4c8d1a31499,Approved 0xca4b1842 For Trade On 0x7a25488d,Approved 0xca4b1842 For Trade On 0x7a25488d
0x35957f1e2d7b7067f49a78705bc7328ba6e3ff0ec014dae9b54354decf08ff2b,Mint 5 of 0x7c818d7f,Mint 5 of 0x7c818d7f
0xc6f355e349aa428e4888473b520fffa34864f988e568098aadc7d576a4c1ddb6,Mint 1 of 0xffffc164,Mint 1 of 0xffffc164
0xf666fc7f07ee85d3ae87b5c39ff00f6b88b262ba5a969462e10af8e6156c6e13,Swap 005 Ether For 1054707136821770897039909794 0x5b427539 On Uniswap V2,Swap 005 Ether For 1054707136821770897039909794 0x5b427539 On Uniswap V2
0xde90a23497114c113de842127d0809e6b3ba7693267a14edeee5ca4eb44cd52b,Mint 10000 of 0xa3428db5,Mint 2 of 0xa3428db5
0xd9de4f19e09b5bed77a2dc0bb82ec513cd8522dac16039f793af469e195f5a27,Swap 100754131964258376960255 0x300753d3 For 005770840874413158 Ether On Uniswap V3,Swap 100754131964258376960255 0x300753d3 For 05770840874413158 Ether On Uniswap V3
0x23fa77d7e56a2807ee610e8b346ce05200fc64816a1e41fa7ab667ca8868782a,Swap 0016 Ether For 56429375518556653 0xd8526034 On Uniswap V2,Swap 016 Ether For 56429375518556653 0xd8526034 On Uniswap V2
0x13ff81a81b0fbe12911b1e1ddf02c85df9cc995ad8f2762dac9dfbfe4740e775,Transfer 11225 0xa0b8eb48 To 0xbab20333,Transfer 11225 0xa0b8eb48 To 0xbab20333
0xe9d6a68c662d18c26b0d78abbefd4b4f643ed912def7f1b2aacf00a8c826e917,Swap 01 Ether For 159800582511879 0xfd4580d0 On Uniswap V2,Swap 01 Ether For 159800582511879 0xfd4580d0 On Uniswap V2
0x5a2d8bdb111f7b4ef5693a66861b6d3c3dab590fa49e262a932373b1b4bc4f2d,Transfer 1000 0xdac11ec7 To 0x7f5d5620,Transfer 100 0xdac11ec7 To 0x7f5d5620
0xcd424ad81a3a7a28b793a191b43d382f5a944cbb8f5539d911b444cc63ee308a,Transfer 8052840327597 0x39140cad To 0x80918bf9,Transfer 8052840327597 0x39140cad To 0x80918bf9
0x1e5a1100b61d094711c3ab4899194eae096bc4f11c82a377de85a7818133af2e,Swap 1810713266100184 0xa520f773 For 0005724948330637619 Ether On Uniswap V2,Swap 1810713266100184 0xa520f773 For 005724948330637619 Ether On Uniswap V2
0xb97a28cf6807fbd045764d7c5da05d28ac1b3dd421216990728df2cce8542ad6,Swap 099125 Ether For 258676690857176442804030537861 0x7f4c0dbd On Uniswap V3,Swap 99125 0x7f4c0dbd For 0258676690857176442804030537861 Ether On Uniswap V3
0xaf6381f732f7caf65bf809b925761ab9801f2955ce3450cf950a8fc409d6c5b3,Approved 0xd2c8ee31 For Trade On 0x63524e64,Approved 0xd2c8ee31 For Trade On 0x63524e64
0x63e39a343c6b0995dffdb4c6e23833f49e81c506cbf779f8d00833e6dd2d221d,Approved 0xa0b8eb48 For Trade On 0x7594c0d7,Approved 0xa0b8eb48 For Trade On 0x7594c0d7
0x62e331a70c0e00d1f96c0c955193cdb8acd45f2c800ba493404a1569c2dd5b04,Swap 0016 Ether For 60528176611154354 0xd8526034 On Uniswap V2,Swap 016 Ether For 60528176611154354 0xd8526034 On Uniswap V2
0xc724879bf17cb7f98008e7e090064f2bc3bcd72ac74d35e1004fa24716f68e77,Mint 1 of 0x00000803,Mint 1 of 0x00000803
0xa0d67cf80ae6837c1e175702e6978aa8f9283d8f662e574942bd3690a703846c,Mint 1 of 0x122c8eb4,Mint 1 of 0x122c8eb4
0x4d96b8c60a30a945907db99539417af7b781c5ebd01e952465904ef5d32856e8,Approved 0xc02a6cc2 For Trade On 0x00008ba3,Approved 0xc02a6cc2 For Trade On 0x00008ba3
0x9f85f899d90987ef21f79be68b96020562f1a46b8c7a9bd611df404dadda196a,Mint 1 of 0xffffc164,Mint 1 of 0xffffc164
0x917e8241f64a086bee75c7aba76346093208190bf5b74e334d9589147627c23f,Approved 0x2609ed75 For Trade On 0x00008ba3,Approved 0x2609ed75 For Trade On 0x00008ba3
0x0e747dfec73acaed61dc708d957b9a0a1759cf70b39a4cda30c165e0167640e7,Mint 1 of 0xdb742d22,Mint 1 of 0xdb742d22
0xda231594716958d91a4e0475c001e447905d0424ffd4692fa7705fe47d4304e5,Transfer 4218982986761 0x15d403da To 0x7b4dcf25,Transfer 4218982986761 0x15d403da To 0x7b4dcf25
0xddbde4c819b40b894e782e2bc7d1d80fa2af39c38b7a0e4089da586a1b272a57,Transfer 175741738504912 0x69821933 To 0xc433d110,Transfer 175741738504912 0x69821933 To 0xc433d110
0x139c36d08907b98dcab28c2fd7cf615dc9bac44e2e87efada47fbc45020027e0,Swap 0014 Ether For 5793201934494681 0xd8526034 On Uniswap V2,Swap 014 Ether For 57932019344946810 0xd8526034 On Uniswap V2
0xcfbf64b816ff8d0ae8048ef5a82f5f1a08665a5026dbd2ebfadc275962d53805,Mint 10 of 0xe8663353,Mint 10 of 0xe8663353
0xd2430416798a9640110a908016359bb9e6e22116d8ef9cd03b8278f62a2ca8ce,Approved 0xa735cbe0 For Trade On 0x00008ba3,Approved 0xa735cbe0 For Trade On 0x00008ba3
0xc1cbd3df0025f887df6616ca6b6c4e1631ac5508e072fa62ae136f230c8104c9,Transfer 4526 0xdac11ec7 To 0xe9c557df,Transfer 4526 0xdac11ec7 To 0xe9c557df
0x6bdf70e1dbb5edf7e7280dd5fa8302b52a3fd8df1c60520014f610b41ff33d9e,Mint 1 of 0x52bab2df,Mint 1 of 0x52bab2df
0x58d0a51b93981fc221d4edad24ae8ea25b412a08b74796ce7395b921b9a5e03f,Mint 1 of 0x00000803,Mint 1 of 0x00000803
0xe5b769f4496657602cb5b8c8948f9d2d6aa34d4f1d6ac8879b5573bc59b6a857,Mint 5 of 0xe1ca39f5,Mint 1 of 0xe1ca39f5
0x5798663ea89aed258d2adbfcf87183008ab0f245ad852f5b54c9acadd1192f2b,Swap 02 Ether For 539869706639776938 0xcb5324b4 On Uniswap V2,Swap 02 Ether For 1 On Uniswap V2
0x64a7f2c783aed6aad3dea825378759e518306b20cb312e24065b7e174db5669c,Swap 45132054560982343629417307638 0xaaee1c7a For 0445654098043129188 Ether On Uniswap V2,Swap 45132054560982343629417307638 0xaaee1c7a For 00445654098043129188 Ether On Uniswap V2
0xf4b8374d219b849c43bbe277b6352a988bca6c9f4bd6977cadb437491acb0e10,Approved 0xc02a6cc2 For Trade On 0x11110582,Approved 0xc02a6cc2 For Trade On 0x11110582
0x1721e823030a34a78d8e67e760e88e12a6dee8d7559f10b200acf53726022ffa,Transfer 22213790489304 0xd1d27cae To 0x21a35549,Transfer 22213790489304 0xd1d27cae To 0x21a35549
0x94d3a3d4eb79bc23e4b086e93245d2ea55f81221c2fac6fc232e62bcea4d4646,Swap 0016891908887110316 Ether For 56894587662259603 0xd8526034 On Uniswap V2,Swap 016891908887110316 Ether For 56894587662259603 0xd8526034 On Uniswap V2
0x1afa66f2f1cbf1bdf12d1e59ed6de6dd117fe33906083e430f92f00a4a342b2e,Swap 41699524 0xae3097ff For 0385791783614415186 Ether On Uniswap V2\nSwap 41699524 0xae3097ff For 0363761939536113847 Ether On Uniswap V2,Swap 41699524 0xae3097ff For 000385791783614415186 Ether On Uniswap V2\nSwap 00385791783614415186 Ether For 363761939536113847 0xc02a6cc2 On Uniswap V2
0x7049cc8179fa3ef361ca0b55ec8c987b8027c356bafa468cf7b8fb2ea37997e8,Approved 0xf2b137db For Trade On 0x58dfbcf9,Approved 0xf2b137db For Trade On 0x58dfbcf9
0x5115a43aefcb4e7189e26270d6f0d6ce28f84e6cd70cb465981b97f3397dd8a4,Swap 488883978 0xe87a719a For 0078083403786527279 Ether On Uniswap V2\nSwap 488883978 0xe87a719a For 0074829740917650978 Ether On Uniswap V2,Swap 4888839780000000 0xe87a719a For 078083403786527279 Ether On Uniswap V2\nSwap 4888839780000000 0xe87a719a For 074829740917650978 Ether On Uniswap V2
0x7d21eb326d7de548133b6a806b62f32266fbb324cdba3f1741578d1a2c1e0693,Mint 1 of 0x00000803,Mint 1 of 0x00000803
0x3ac1323967f561cd9184e76559450f698ea95de3e7e6227d12824bdceb09f2c7,Approved 0x2f8e5e59 For Trade On 0x7a25488d,Approved 0x2f8e5e59 For Trade On 0x7a25488d
0x358a1a55c1bf6ebf3f49e355a79132f447a85465d17a58daa11680b0a27d6fb2,Mint 1 of 0x008257cc,Mint 1 of 0x008257cc
0xfbcf9b8daf411288b6260cc23dab12e106649442cea2636f652ca921b51a6f9e,Transfer 1196 0xa0b8eb48 To 0x0c08c28a,Transfer 1196 0xa0b8eb48 To 0x0c08c28a
0x3825f907d04b67893cdea9b367e94091511118897d89ca90576bcb765e3ab8b4,Transfer 4476 0xdac11ec7 To 0x0e3dd74f,Transfer 4476 0xdac11ec7 To 0x0e3dd74f
0x4aa8264d159be29293515cb988624757c5f5ceccd2403e9825d6df5ce1e25fb1,Transfer 6926 0xdac11ec7 To 0x5ad454f6,Transfer 6926 0xdac11ec7 To 0x5ad454f6
0x68a0ec66edce899e3781fb3b3ba18f91768d857f1fc598fe87b93631d26a0240,Transfer 3359 0x4d224381 To 0xbafc32bf,Transfer 3359 0x4d224381 To 0xbafc32bf
0x02d9c328bf962b15a683db766b023d0a872030c0c06438c872003d30a5cf8eb7,Mint 1 of 0xffffc164,Mint 1 of 0xffffc164
0x4e1c87a9e8f790f26bb09a07d5e1bfc5b031efce93e5bf595074c8eeb75bfd27,Approved 0xc02a6cc2 For Trade On 0x000010e2,Approved 0xc02a6cc2 For Trade On 0x000010e2
0x5a1a790a9cb6019180540b24be29a2cbdc89b0d04f30e74c0e7797a6a9e85147,Swap 0014 Ether For 61909558075769112 0xd8526034 On Uniswap V2,Swap 014 Ether For 61909558075769112 0xd8526034 On Uniswap V2
0x568a99c8d1e48579f9616ce5345d80d39d71fe147136d5184c6ce8863ae59ce7,Swap 0403750000000000014 0xf819c3c9 For 0030483532098663842 Ether On Uniswap V2,Swap 40375 0xf819c3c9 For 030483532098663842 Ether On Uniswap V2
0xefe9ff03d976b57f612d43f0f18134b4447d5de90535e729f7a3af1e2ccf7c52,Approved 0x0c5f5ee2 For Trade On 0x00008ba3,Approved 0xc5f5ee2 For Trade On 0x00008ba3
0x46a9f795e01d6c9f6cbd5a3e22bee495fb5e553215c36c0e56b9e037c4068fea,Transfer 389513533 0xa0b8eb48 To 0xd066efdc,Transfer 389513533 0xa0b8eb48 To 0xd066efdc
0x9cd939134514fa684fc8dd1c098bb5efceb9d2d94b1e7375e18393c9b4ede81c,Approved 0xa62cd71c For Trade On 0x11110582,Approved 0xa62cd71c For Trade On 0x11110582
0xc137ce279d7ad7e4746b4799a8d62031e18120221167866e94d5a74db2cb979f,Mint 1 of 0x00000803,Mint 1 of 0x00000803
0xb8790005c889f94b290f234bcea5984f5e1c6ee6c965749196e0d0da29e7df99,Transfer 123343088 0xdac11ec7 To 0xdd022793,Transfer 123343088 0xdac11ec7 To 0xdd022793
0x41498eda035fa2c07d0cc768c49c4fe042066738b9ac8dcea2e7b4d957883f80,Swap 0016 Ether For 55155335822865838 0xd8526034 On Uniswap V2,Swap 016 Ether For 55155335822865838 0xd8526034 On Uniswap V2
0xb0f7db1611ba5f364053bb216856cefb307f6f75aa97daf838a2d75fb03d9a74,Swap 51408746206 0xdac11ec7 For 27418681545151662092 Ether On Uniswap V3,Swap 27418681545151662092 Ether For 5140874620 0xdac11ec7 On Uniswap V3
0xa97617eaa0c13325ff98f41ee17fc661f3835fbbc6beabf8b5411c10b3cd6d68,Mint 1 of 0xffffc164,Mint 1 of 0xffffc164
0x43d507f2d004894e0517ea7b3d927385f12f4edf72fb08cdf7dce03d13e44112,Mint 1 of 0x008257cc,Mint 1 of 0x008257cc
0x7cb5f9b8548e2aed07e6e2cf8f8eaf0e6fac9f9d01878275efd6816b814c84ce,Swap 882735046601857347 0xa6282372 For 1113929296709593644 Ether On Uniswap V2,Swap 882735046601857347 0xa6282372 For 001113929296709593644 Ether On Uniswap V2
0xfce115583af8dff13b206251ab6eba638faf68da77dd11654ef3586ace9b114a,Transfer 52032 0x949de5d6 To 0x47824367,Transfer 52032 0x949de5d6 To 0x47824367
0xa3ae7ce829133d453f94b614e53def11b6cced81e5d9704dca06c0714be6fd05,Mint 1 of 0xffffc164,Mint 1 of 0xffffc164
0xec51eb69d0351a5fef920cf45fd18c9ad06298e78d91ba830d6cf09f7f0d7d52,Transfer 18048 0xdac11ec7 To 0xf0cb3e38,Transfer 18048 0xdac11ec7 To 0xf0cb3e38
0xa53ea1aa9436789ec31d439cb80d689e4533bd9d431d4ae9a7d098bfad0f41d9,Swap 700988980617794702260387782 0x5b427539 For 0033117026949891866 Ether On Uniswap V2\nSwap 232175921664 0x5b427539 For 010736422897855066 Ether On Uniswap V2,Swap 700988980617794702260387782 0x5b427539 For 0033117026949891866 Ether On Uniswap V2\nSwap 23217592166400000000000000 0x5b427539 For 00107364228978550660 Ether On Uniswap V2
0x5c665afa1b43e7930017967c7361ef3230dcb086b2c2c57701fe76ae188ccf7b,Swap 01 Ether For 143177778492354 0x33f8bd0e On Uniswap V2,Swap 001 Ether For 143177778492354 0x33f8bd0e On Uniswap V2
0xcfb92724ff6e558a6a77c6609d2c93afc2fb45650f43692c66e83a8b6f762a01,Transfer 134481 0xa62cd71c To 0x6acb2b1b,Transfer 134481 0xa62cd71c To 0x6acb2b1b
0x5508a5dd3b554c3308a2d8339f97da94ed87b7205b7755bc7bc203138ab8b665,Swap 7477557709209605927586 0x2b9ad67a For 0033602946543874542 Ether On Uniswap V2\nSwap 0033602946543874542 Ether For 62939212 0xdac11ec7 On Uniswap V3,Swap 74775577092096059275860 0x2b9ad67a For 033602946543874542 Ether On Uniswap V2\nSwap 033602946543874542 Ether For 188817 0xdac11ec7 On Uniswap V3
0xfb03fae98209baec4c2df049b00a7aac55ba20fa51eff11c61d5b6f2fb66a09a,Approved 0xe8d1a7bb For Trade On 0x11110582,Approved 0xe8d1a7bb For Trade On 0x11110582
0x94975143daa88db78f026b1bdbc028507185d3f97329999be7ee00f459eb0013,Swap 03 Ether For 810993838 0xce8400e3 On Uniswap V2,Swap 03 Ether For 810993838 0xce8400e3 On Uniswap V2
0xf637d3d9f551aca571f84c65422b503a6cdb80f04b96d2d4ba050cfefebd074b,Swap 10000000874279117545 0x178c6054 For 0014862253598889957 Ether On Uniswap V3,Swap 1 Ether For 14862253598889957 0x178c6054 On Uniswap V3
0x0e285b41e2638c82410a802dad5a952c08d22c09b205f9de9e5f2580d1cb0420,Swap 0426201797006690688 Ether For 109230867097851226568746 0xa62cd71c On Uniswap V3,Transfer 109230867097851226568746 0xa62cd71c To 0x98c36b8e
0x15a0519e738f59a60e7e8c5c31b6e5fe2b95b32ece4552116a416f2ac36dd609,Swap 1085145435 0xe87a719a For 0016188198712878004 Ether On Uniswap V2\nSwap 1085145435 0xe87a719a For 0016039854977667422 Ether On Uniswap V2,Swap 1085145435 0xe87a719a For 016188198712878004 Ether On Uniswap V2\nSwap 016188198712878004 Ether For 16039854977667422 0xc02a6cc2 On Uniswap V2
0x3c1f95bc6bf5e83565c4bf950bf119930fa50610d4f539b7270efd804b824647,Mint 1 of 0x65db84fa,Mint 1 of 0x65db84fa
0xacd535b43968c8361c3238d94051b3c70b22846a1a5d2668cb42f89d4c7ab463,Approved 0x300753d3 For Trade On 0x00008ba3,Approved 0x300753d3 For Trade On 0x00008ba3
0xd974fb7e961303fd5bd03a534742ca4e7e726abbb69e7b8ea74222c82d3d403f,Swap 005 Ether For 11985648996833 0x92877229 On Uniswap V2,Swap 005 Ether For 11985648996833 0x92877229 On Uniswap V2
0x4bbaa1d8f8c16da48abddb85aef2ed49fb918155b543bb6e69723580559bcf0a,Transfer 21679921 0x949de5d6 To 0x21a35549,Transfer 21679921 0x949de5d6 To 0x21a35549
0x3a1a14991d2114bddb13de5a8d1adddb8d8933dcf0c116213b872c595f85f2ab,Swap 01 Ether For 16888388879592 0x073fd8eb On Uniswap V2,Swap 001 Ether For 16888388879592 0x073fd8eb On Uniswap V2
0x17f806d26aacff5add77ee3d2b644049ccdf50ffa51692c6f314a84a43ed2a82,Swap 005 Ether For 3330318418113629 0xe87a719a On Uniswap V2,Swap 05 Ether For 3330318418113629 0xe87a719a On Uniswap V2
0xc8145198755a67423d83c9bc0c466f21ed0e5623bdcca646c09723309719f412,Transfer 87386 0xdac11ec7 To 0x55e3b71f,Transfer 87386 0xdac11ec7 To 0x55e3b71f
0xb77f16d03bd2ed67e25bbe9abb0b98f9fe4baed840f319738bc76cf4c882aa5d,Mint 1 of 0x00000803,Mint 1 of 0x00000803
0x71c6cf55694af99eba952da08d9d56d76fcc6e05352da8a29d0e9c3eb404089f,Transfer 130628 0xea7b37e4 To 0x5a6fee09,Transfer 130628 0xea7b37e4 To 0x5a6fee09
0x498781141e0cd145ce1809adf7372afa616555acbcfa8fbc50a8a928ed605190,Swap 001 Ether For 15294068111665 0xfd4580d0 On Uniswap V2,Swap 01 Ether For 15294068111665 0xf5e04dde On Uniswap V2
0x024540170f411650e0e0d2eef54073fbbe741b5d9fcdcdf45a3ab7105ada1ccb,Transfer 877874 0xdac11ec7 To 0x8918e629,Transfer 877874 0xdac11ec7 To 0x8918e629
0xe8095cd0317a1f2ed2856b64cfc01f6ffdbf7ec58f1b18f338596760aa0eafeb,Approved 0xe9c26d47 For Trade On 0x00008ba3,Approved 0xe9c26d47 For Trade On 0x00008ba3
0xe1a4a4610c91ad489bf29a1d82e35a6d62090043380992f28d7bfad4f6d7017d,Mint 10 of 0xb1ea694d,Mint 1 of 0xb1ea694d
0xd001778b862f1885f70cd661aeb893208fc4e60cbb49f1aa8ef9c4ddbb7efae6,Approved 0xf311a9c8 For Trade On 0x00008ba3,Approved 0xf311a9c8 For Trade On 0x00008ba3
0xe516475b66aa7bdf50069aab5595e20d7ea4fca34514fe4b09d99d315cd87ff3,Approved 0x225760a4 For Trade On 0x00008ba3,Approved 0x225760a4 For Trade On 0x00008ba3
0x6b86cddc212bd8c8d869c9aadc94d41f741ab7e2f8a0ec330cf4ad232b7a7372,Approved 0x0d507676 For Trade On 0x00008ba3,Approved 0x0d507676 For Trade On 0x00008ba3
0xec829d48506b70f10d2d66dc7f8c52df84794a7ed84690bbce381b03fcbb6037,Swap 0014 Ether For 56691101636360025 0xd8526034 On Uniswap V2,Swap 014 Ether For 56691101636360025 0xd8526034 On Uniswap V2
0xf09f59c30711f2a6b8f59ccc565884be4d26a3895b3720de4904b19d4f29ef17,Swap 283621788323911063 0xa6282372 For 0345134485776620973 Ether On Uniswap V2,Swap 283621788323911063 0xa6282372 For 00345134485776620973 Ether On Uniswap V2
0x7a41f12e6658c8743b030120def884566ae4c803aa6daa0479b851e3e91291f1,Approved 0x6a8a2d55 For Trade On 0x7a25488d,Approved 0x6a8a2d55 For Trade On 0x7a25488d
0xe065b6d14c7bb09d2ad935a5119ff230c0702485b249ec28ff38a4019428a1b0,Transfer 3000 0xdac11ec7 To 0x89bfb1ad,Transfer 3000 0xdac11ec7 To 0x89bfb1ad
0x24fc55b0721415a2a3273c3e35066a9c2c661f096503b89883ebf534190f347b,Mint 1 of 0x00000803,Mint 1 of 0x00000803
0x56504114dc596f08752a9a24ba2e12e626a059b4d4a98ff1a51fb64a9f03b449,Mint 5 of 0xf252c508,Mint 5 of 0xf252c508
0x5020af71fde4e56bb3f299c8480de1fff95c686d2d975ed221e39791368d2101,Approved 0xe9c26d47 For Trade On 0xe5921564,Approved 0xe9c26d47 For Trade On 0xe5921564
0xb8ce4e245d6d9ce7f636808c2018204581ce3204b8ddf0794ebb1a76ccd4edd6,Mint 1 of 0x00000803,Mint 1 of 0x00000803
0x343e298c8fead6d4fa7db7335220c8b841163b7205e7a9b05392e3e593d726ea,Swap 0016 Ether For 61994151392757963 0xd8526034 On Uniswap V2,Swap 016 Ether For 61994151392757963 0xd8526034 On Uniswap V2
0xd77ab541af382db9276f7a43d6b43d24561284785d1ac79d7d15e175a3392eee,Swap 005 Ether For 30305336079614 0xfa48bf9d On Uniswap V2,Swap 005 Ether For 30305336079614 0xf48bf9d On Uniswap V2
0xdef504aa41ff79f6e3da7d651b0faec7e4a73de9f3dec0fde2ba3ae16befbf1a,Transfer 1 of 0xf69a0a2e,Transfer 1 of 0xf69a0a2e
0x6e6f2f89dde6ed0274a91cf97419b60e96de13ac6de798012b666a9b631e5be5,Mint 1 of 0xffffc164,Mint 1 of 0xffffc164
0x67a97fb1fa92dbfc860b81f36e7466334b514e3279f1e2c24c06de043bdd363a,Transfer 1053055752 0xe4dad812 To 0xe110c43d,Transfer 1053055752 0xe4dad812 To 0xe110c43d
0x05ac640791cb7704decbd11745c45194df9b9963b0c04d93759999d6c5e61c74,Approved 0xaf230cb7 For Trade On 0x00008ba3,Approved 0xaf230cb7 For Trade On 0x00008ba3
0x59c923a5c1c7621ac2eaf876776f2136fbd5fe47517eb9bbbd8a271ad1717e55,Approved 0x67717278 For Trade On 0x00008ba3,Approved 0x67717278 For Trade On 0x00008ba3
0x85907ad2f434459b22566521f5f58f207c0fbebafc9a33df7aef675e868f5739,Swap 0113893331624409462 Ether For 308514002295181394 0xcb5324b4 On Uniswap V2,Swap 01 Ether For 308514002295181394 0xcb5324b4 On Uniswap V2
0xcd55fdf1318ed38f2cdf0dce2a3ab152ef058be23edbdbbee3775c5cf9aec762,Mint 1 of 0x00000803,Mint 1 of 0x00000803
0x65801800c5d378dd8788184c7e8b93bf7e90297472f496f4c10c3f0f99dce7d3,Swap 6020371862625068443846 0x11e7209d For 0000781555523230482 Ether On Uniswap V2,Swap 6020371862625068443846 0x11e7209d For 00781555523230482 Ether On Uniswap V2
0x58d78bdedb2be3f809d2d93fa1206e195b86de255ac04d6c84e3a40974374b02,Transfer 13000000 0x95adc4ce To 0xdfd5210b,Transfer 130 0x95adc4ce To 0xdfd5210b
0x55c971ee4c30b4cb904f0e82436d48d77217433c937118408d82cd3f687236dd,Approved 0xcb5041eb For Trade On 0x68b3fc45,Approved 0xcb5041eb For Trade On 0x68b3fc45
0x4b79454f1a2703f123f782e4c0075443e2c7dca20369372b15f9d00480cf20d4,Swap 53880362811 0xa6282372 For 063945294709482985 Ether On Uniswap V2,Swap 53880362811 0xa6282372 For 0063945294709482985 Ether On Uniswap V2
0x55a3f3cccce0a135184c9c0aa2b3d06ed926ef043f0bfff2727d6f3ffd83752e,Mint 2 of 0x0752b13b,Mint 2 of 0x0752b13b
0xff0ee0580dad0caf7441a1f399fb8c204b4aac045cce80f697b1f2e036a07729,Mint 1 of 0xe5fcbd27,Mint 1 of 0xe5fcbd27
0xfb081b5f32603201f15a009d8bcbf9fc028eb18f1ec779749ccb25137b70e4ee,Approved 0xcb06df71 For Trade On 0x58dfbcf9,Approved 0xcb06df71 For Trade On 0x58dfbcf9
0xcca9db1e89dbccc7ed8003a9f464a378e43178432fc2f5962ec9e340e2f222de,Transfer 294323891 0xdac11ec7 To 0x7563ab0f,Transfer 294323891 0xdac11ec7 To 0x7563ab0f
0xaa1d4f2c052858e4da9ff06c8094104dbb980a13838c1c0ad1f1c5c403e5b37f,Swap 4000000000000000055564685 0x94fef40a For 006470124870074304 Ether On Uniswap V2,Swap 400000000000 0x94fef40a For 006470124870074304 Ether On Uniswap V2
0xf84051c1b6c96519628e554789883a55a147269239ecfaaff56cdc1c00929b5f,Transfer 2214635717491007 0xd1d27cae To 0xdfd5963d,Transfer 2214635717491007 0xd1d27cae To 0xdfd5963d
0xe4b7fb3f189d6bbc5ef1efa08e12fa82eb16e77b083936764049c0c014e2a5f9,Approved 0x672f3a39 For Trade On 0x00008ba3,Approved 0x672f3a39 For Trade On 0x00008ba3
0xa87aa378f9f195673169e956839a924484c465cf0dd1451557831127d738d1b5,Transfer 11571 0xa0b8eb48 To 0xdce95b6d,Transfer 11571 0xa0b8eb48 To 0xdce95b6d
0x0f90087b035f7285cd6fa17d8fd81d1e36cc2db9121a13a77288cad9120b19f3,Approved 0xdac11ec7 For Trade On 0x00008ba3,Approved 0xdac11ec7 For Trade On 0x00008ba3
0x90f44b7a32a4823955d0818f671545cc7d5d2b8bb0c3ccc169927abb12fe7bf9,Swap 01 Ether For 187832742040832 0xfd4580d0 On Uniswap V2,Swap 01 Ether For 187832742040832 0xfd4580d0 On Uniswap V2
0x21506684cd408b7e6050f2624ccf25637cb4863c442339cc0ad8600cad11d2b3,Approved 0xc0901cf8 For Trade On 0x7a25488d,Approved 0xc0901cf8 For Trade On 0x7a25488d
0xaf56af7443a59725df8d33455818a5ed24188c8a1fb01ae4e792c24adc8bee87,Mint 1 of 0x00000803,Mint 1 of 0x00000803
0x57421e4efcdce571b1db1f44660d52b09dfab218814d09cf88fdf3838fa6735a,Transfer 319134 0x7d1aebb0 To 0x1cf2ce66,Transfer 319134 0x7d1aebb0 To 0x1cf2ce66
0xf3979bb7024c399f15a5add9ff60d832558782fd20686cdcd05cf0af91da993c,Approved 0xa0b8eb48 For Trade On 0x881d300c,Approved 0xa0b8eb48 For Trade On 0x881d300c
0xad4546a7ccbfe0f9be911d40f2b96f02c5766a655600bb36778ab40dad6cb4c9,Mint 1 of 0x932248bf,Mint 1 of 0x932248bf
0xd42a4f6c7f83bed679f4b258756748b4b6ab702398432345944f6d7d9ba7604b,Swap 461985 0x833fe546 For 0040208959449466599 Ether On Uniswap V2,Swap 4619850000000 0x833fe546 For 0040208959449466599 Ether On Uniswap V2
0x933dcf89b77fbcaaa562756fc26aff83f6f37226f8696c69dc037ae35c0087bd,Transfer 130503138650515 0x1ce2fd9c To 0x67bb08c5,Transfer 130503138650515 0x1ce2fd9c To 0x67bb08c5
0xc47349ec06f30665c2a39bd229792da8027f8bbc0f2cdd083d81dfbdaa688f1d,Transfer 117594 0xdac11ec7 To 0x34b81976,Transfer 117594 0xdac11ec7 To 0x34b81976
0x3f168a480203aa6f652dce6736986ca03d582f04c851a102cb621355f8f13186,Mint 1 of 0x580dc69f,Mint 1 of 0x580dc69f
0x070ba510a2bb259ff065bcb561d8df7759b3efb57c88120cc9995b8cadcf0718,Approved 0xc0901cf8 For Trade On 0x1111097d,Approved 0xc0901cf8 For Trade On 0x1111097d
0x62be7f4209faf691d8e556b414595a1dccd4e9e3aeb68e22fc2c0eb44eb4ad3c,Mint 1 of 0xffffc164,Mint 1 of 0xffffc164
0x74aac8ceed597843566335258653dc3e98c6a46776f69596a8c8534ea2016361,Mint 1 of 0xffffc164,Mint 1 of 0xffffc164
0x5e27ed0301091d0eacd46f2a5fe104fc22667e1cef7f7f5c9df10007cad65cda,Approved 0x6b171d0f For Trade On 0x00008ba3,Approved 0x6b171d0f For Trade On 0x00008ba3
0x1ab69d6ed425c7ae5ace0ffd8f46385aa96070536700fc0d4c21008810573567,Mint 3 of 0xabbc7f75,Mint 3 of 0xaabbc7f75
0x4d6d5eecce4618cc82de075951277082be8080d3236660a74d89b113370ed9ec,Transfer 1162834923022 0x95adc4ce To 0xacfa068b,Transfer 1162834923022 0x95adc4ce To 0xacfa068b
0x45558d087fbfa5bbe12acfc8bf58f5f547074b6065822bb89c84f3e6c5e61752,Transfer 2195 0xdac11ec7 To 0x974cc400,Transfer 2195 0xdac11ec7 To 0x974cc400
0xb254f8c39529bb5a9f87c355523f50774672bff7de93038cec44747ab5814e9b,Swap 4147729250476 0x6736652f For 0302957282324510048 Ether On Uniswap V2,Swap 4147729250476 0x6736652f For 00302957282324510048 Ether On Uniswap V2
0x5e19ebaecd59fd80f5969e955f7c4535b283f9d14bc9ab4393aa4d95cf606c96,Swap 1027968 0x37a5105d For 0737117595887971566 Ether On Uniswap V2,Swap 1027968 0x37a5105d For 00737117595887971566 Ether On Uniswap V2
0x1fb0d64a491e73f09e48b3e4571ee7b58d1985df2d6902d5c45b503e0d8ee579,Transfer 02999 0x000087ac To 0x00000000,Transfer 2999 0x000087ac To 0x00000000
0x87070590acdd82f14ef69edf7bf800a9f688f0bb5aea1e53f17750a6b36e0299,Approved 0x3f3c90ec For Trade On 0x00008ba3,Approved 0x3f3c90ec For Trade On 0x00008ba3
0x68b5cd74eaac61dc915b0d3f56b783eb2f18dedf1230b5d166c3b7e66d41650d,Approved 0x2f8e5e59 For Trade On 0x7a25488d,Approved 0x2f8e5e59 For Trade On 0x7a25488d
0x6d6fec90cebf81e029832f6c3241ed4dc18b98b3d1cb5305904a2463d67a3a9c,Approved 0xdac11ec7 For Trade On 0x13f48dd4,Approved 0xdac11ec7 For Trade On 0x13f48dd4
0x62722823e80f252e71d68da3e791895916be587a543b7738d3ef4c494bafa8a1,Mint 1 of 0x349ad247,Mint 1 of 0x349ad247
0x404fa7e93ca302bf9582267ab634757c449a218b93517e3ac8c56d78c294363d,Mint 1 of 0x684c9cde,Mint 1 of 0x684c9cde
0x4b2cf8e20778cb743404ddb165f730b694c23fb9191e5239395992d9f874e58c,Mint 2 of 0xc2117e7b,Mint 2 of 0xc2117e7b
0x82a8068f08dd8039fd15929e8312a8d4192427dbfceec3d23639232a657e4534,Approved 0xabc17b34 For Trade On 0x00008ba3,Approved 0xabc17b34 For Trade On 0x00008ba3
0xeffff60e1bf94ac0ff39f66395cfe757dcc3b17a5962e05f58e019ba197d5d96,Mint 1 of 0x12c859e7,Mint 1 of 0x12c859e7
0xd57cc8805602c1d7cb1b0ceaf3f8341a66a372a8c670456c9ad3eaf4da398ef4,Approved 0xe85dd209 For Trade On 0x00008ba3,Approved 0xe85dd209 For Trade On 0x00008ba3
0x216366bb4b645e353dba216c8ac001956663d16c3f1d8ff1457e56cd2c2643b3,Approved 0xdac11ec7 For Trade On 0x68b3fc45,Approved 0xdac11ec7 For Trade On 0x68b3fc45
0x8af9a25710220d3c0cc5a58096508e4b6c84ad9e06094f0dbe747f936ccef3f2,Approved 0xe1220d81 For Trade On 0x2ec7add1,Approved 0xe1220d81 For Trade On 0x2ec7add1
0xf474b340ec8ad75882bc2172dab1e09ab681a8bfbdd526144549919a90dd3c09,Approved 0xb1834449 For Trade On 0x2f184dfb,Approved 0xb1834449 For Trade On 0x2f184dfb
0xa1fb25b43af475456e6da1117a1fb146222b3813a9c336f9f589b5e5592dec01,Transfer 1000 0xa0b8eb48 To 0xa91022ba,Transfer 1000 0xa0b8eb48 To 0xa91022ba
0x2d949ac276e6e72715ad5ef65961d8c992637a2bbf5450da3e0fd2331a221a8a,Mint 1 of 0x57f1ea85\nMint 1 of 0xd4416401,Mint 1 of 0x57f1ea85\nMint 1 of 0xd4416401
0x5aed73e4f52014b541042dd37c54140b74bd74aa1f2efa7b677ceb9beabb5703,Approved 0x7c3431c8 For Trade On 0xb51710c4,Approved 0x7c3431c8 For Trade On 0xb51710c4
0xdf1edc39a3c4c23f1558bce7568f5dc1ac968878158809b7a087caa54780c4ea,Approved 0x38195e06 For Trade On 0x1715a10d,Approved 0x38195e06 For Trade On 0x1715a10d
0x56ed003e54f751bfdea36c150b04cb096f5481133fe1580505f604969111bcc8,Approved 0x9e64cf4d For Trade On 0x7a25488d,Approved 0x9e64cf4d For Trade On 0x7a25488d
0x5a790dc650888048ef9971ac20f0569b316e76a374accb89cf846e2e5d1d47e2,Mint 1 of 0xcad60762,Mint 1 of 0xcad60762
0x1663370579f6ffeb3823e5ddec142b591171d1a7bc058375707dca5863e81d53,Swap 0028691265443717644 Ether For 131360739469159233 0xd8526034 On Uniswap V2,Swap 028691265443717644 Ether For 131360739469159233 0xd8526034 On Uniswap V2
0x44fe808cbdddf3fe5bb3f16e6eedfaf5d188159a06efe5144ab6966907924685,Transfer 866 0xa0b8eb48 To 0x3a040324,Transfer 866 0xa0b8eb48 To 0x3a040324
0xe51a0fc41266ffab4730c444dc8be98b3e1159c578b982462df18f462ad33ef3,Swap 00659 Ether For 11994701218936222761390443 0xc9e6aa3c On Uniswap V2,Swap 0659 Ether For 11994701218936222761390443 0x9e6aa3c On Uniswap V2
0xec4ae23f2643267046b83373a517c457aadd0ac7e36c9d6ec3a2e192e8729754,Transfer 2452 0xdac11ec7 To 0x7563ab0f,Transfer 2452 0xdac11ec7 To 0x7563ab0f
0xfa85096c75fab317a6be80b01fa372a9615753d0f18e76879bc7abe262117142,Mint 1 of 0x97613750,Mint 1 of 0x97613750
0x92000c6b513d50ee9dad322e89711d56b029ec1eb36768878d3f2697c50f678c,Transfer 546009729 0xdac11ec7 To 0x746e2034,Transfer 546009729 0xdac11ec7 To 0x746e2034
0x581150efd7ef054ccca66019034700448daf6139d33ec866e41e1d92d9a01d08,Swap 0099 Ether For 348190148356687997711438 0xe2d91ec4 On Uniswap V2,Swap 0099 Ether For 348190148356687997711438 0xe2d91ec4 On Uniswap V2
0x03110d169125fccf50df234ae24761fe466c4f8560323c2595feb47b2377fb8d,Transfer 5389443 0xdac11ec7 To 0x4b542a2b,Transfer 53894430 0xdac11ec7 To 0x4b542a2b
0xbff9309625b5655cdbe5beff16cb76b4a3f3153e3f0b8d5256dde390eef3bd83,Transfer 281 0xdac11ec7 To 0xa4434589,Transfer 281 0xdac11ec7 To 0xa4434589
0xb5dbb8b9d2df4ea6b80c8a990ab6ae504f9bf98f3d5db7380bda151c523c2492,Transfer 5000 0xdac11ec7 To 0xe0eafad2,Transfer 500 0xdac11ec7 To 0xe0eafad2
0xe5657412916aaf1cb6aa19009cc3765449b302a5032a1ec26f052d6616452673,Swap 461400812440535833794434376748 0x7f4c0dbd For 1749722854792647751 Ether On Uniswap V3\nSwap 6739854226358272 0x397bdc68 For 0184808057585270784 Ether On Uniswap V2,Swap 461400812440535833794434376748 0x7f4c0dbd For 0184808057585270784 Ether On Uniswap V2
0xbe9fb1919ce11f6e18352e973859efb1698b6e9d75e9bbcbabf0c9d32afab7a2,Mint 1 of 0x57f1ea85\nMint 1 of 0xd4416401,Mint 1 of 0x57f1ea85\nMint 1 of 0xd4416401
0x69b863b2a386776b04814d17da21d5ffd4fae0aa1c9f219ac3b3ba5267571064,Approved 0xd95a01f2 For Trade On 0x7a25488d,Approved 0xd95a01f2 For Trade On 0x7a25488d
0x28aa66f67e6908c0dc8ca4618f9fe2cc7ca8fb3253c02b9e24dbc5ce13f774d3,Approved 0xe89e3f9c For Trade On 0x00008ba3,Approved 0xe89e3f9c For Trade On 0x00008ba3
0xc861251b8df5a31401462f2f01c43bff7f6c914e3ecdc6c21fb84e499c991243,Swap 1608790254171856811875828 0x940f8a0a For 0109082482148349083 Ether On Uniswap V2,Swap 1608790254171856811875828 0x940f8a0a For 001625040660779653345329119 Ether On Uniswap V2
0xab1287385317ea59b1424f56fddc1c9b90a9e2b50d4787c237485a55949ccc1a,Transfer 7213 0xa0b8eb48 To 0x66857d8c,Transfer 7213 0xa0b8eb48 To 0x66857d8c
0x51f57e80840ddc2cacbdde91e97d0ea198cf7a09adbd65efde802dc31bb157b2,Mint 1 of 0x00000803,Mint 1 of 0x00000803
0x889324660a2e381e86c16f4820876e76ef0599db8a1e49a74d129401e38d7f6c,Approved 0x7e467992 For Trade On 0x7a25488d,Approved 0x7e467992 For Trade On 0x7a25488d
0x750596c6f1f49e27e5ace64245bca310acbaa72db074e12b422051a4c2acc006,Transfer 143368799 0x95adc4ce To 0xfdef315d,Transfer 143368799 0x95adc4ce To 0xfdef315d
0x191060912bce22d2c98a52cb8e51e146b289e6512db7235532df07f1be711284,Approved 0xb23d28cf For Trade On 0xc92e0110,Approved 0xb23d28cf For Trade On 0xc92e0110
0x24a18fce79a1c3a8a6eee57a4af6373100dea74a2b271c3a9a30b3dc567e0133,Swap 414819719229293494 0x97df3835 For 0011486651936430314 Ether On Uniswap V2,Swap 414819719229293494 0x97df3835 For 0011486651936430314 Ether On Uniswap V2
0x9fc17277ac3ef66cfa9afceb0ef4a4537fadd75472059f00d62757998a46649d,Transfer 6200 0xd13c5c8c To 0xfa94235b,Transfer 62 0xd13c5c8c To 0xfa94235b
0x4d42422c9ca870e59d739c3a7c082e813326645efa05b2048f8afa1e33a0cb13,Mint 1 of 0xffffc164,Mint 1 of 0xffffc164